{
  "resourceType" : "Bundle",
  "id" : "5e401f6a-f7c1-4ba8-a633-b917e7bbbd5a",
  "meta" : {
    "lastUpdated" : "2023-02-24T12:58:33.234+00:00"
  },
  "type" : "collection",
  "entry" : [{
    "fullUrl" : "http://openhie.org/fhir/hiv-cbs/ValueSet/vs-hiv-recency-test-result",
    "resource" : {
      "resourceType" : "ValueSet",
      "id" : "vs-hiv-recency-test-result",
      "text" : {
        "status" : "generated",
        "div" : "<div xmlns=\"http://www.w3.org/1999/xhtml\"><p>This value set contains 1 concepts</p><p style=\"border: black 1px dotted; background-color: #EEEEEE; padding: 8px; margin-bottom: 8px\">Expansion based on SNOMED CT International edition 31-Jul 2022</p><table class=\"codes\"><tr><td style=\"white-space:nowrap\"><b>Code</b></td><td><b>System</b></td><td><b>Display</b></td></tr><tr><td style=\"white-space:nowrap\"><a name=\"http---snomed.info-sct-118246004\"> </a>  <a href=\"http://snomed.info/id/118246004\">118246004</a></td><td>http://snomed.info/sct</td><td>Laboratory test finding (navigational concept)</td></tr></table></div>"
      },
      "url" : "http://openhie.org/fhir/hiv-cbs/ValueSet/vs-hiv-recency-test-result",
      "version" : "0.2.0",
      "name" : "VSHIVRecencyTestResult",
      "title" : "Recency HIV Test Result",
      "status" : "active",
      "experimental" : false,
      "date" : "2023-02-24T12:58:33+00:00",
      "publisher" : "Jembi Health Systems",
      "contact" : [{
        "telecom" : [{
          "system" : "url",
          "value" : "https://www.jembi.org"
        },
        {
          "system" : "email",
          "value" : "info@jembi.org"
        }]
      }],
      "description" : "A list of HIV recency test result codes.",
      "jurisdiction" : [{
        "coding" : [{
          "system" : "http://unstats.un.org/unsd/methods/m49/m49.htm",
          "code" : "001"
        }]
      }],
      "expansion" : {
        "identifier" : "urn:uuid:cc61a77d-b408-410b-9f94-3f225ec51253",
        "timestamp" : "2023-02-24T12:59:10+00:00",
        "total" : 1,
        "parameter" : [{
          "name" : "excludeNested",
          "valueBoolean" : false
        },
        {
          "name" : "limitedExpansion",
          "valueBoolean" : true
        },
        {
          "name" : "version",
          "valueUri" : "http://snomed.info/sct|http://snomed.info/sct/900000000000207008/version/20220731"
        }],
        "contains" : [{
          "system" : "http://snomed.info/sct",
          "code" : "118246004",
          "display" : "Laboratory test finding (navigational concept)"
        }]
      }
    }
  },
  {
    "fullUrl" : "http://openhie.org/fhir/hiv-cbs/ValueSet/vs-hiv-test-done",
    "resource" : {
      "resourceType" : "ValueSet",
      "id" : "vs-hiv-test-done",
      "text" : {
        "status" : "generated",
        "div" : "<div xmlns=\"http://www.w3.org/1999/xhtml\"><p>This value set contains 1 concepts</p><p style=\"border: black 1px dotted; background-color: #EEEEEE; padding: 8px; margin-bottom: 8px\">Expansion based on SNOMED CT International edition 31-Jul 2022</p><table class=\"codes\"><tr><td style=\"white-space:nowrap\"><b>Code</b></td><td><b>System</b></td><td><b>Display</b></td></tr><tr><td style=\"white-space:nowrap\"><a name=\"http---snomed.info-sct-315124004\"> </a>  <a href=\"http://snomed.info/id/315124004\">315124004</a></td><td>http://snomed.info/sct</td><td>Human immunodeficiency virus viral load (procedure)</td></tr></table></div>"
      },
      "url" : "http://openhie.org/fhir/hiv-cbs/ValueSet/vs-hiv-test-done",
      "version" : "0.2.0",
      "name" : "VSHIVTestDone",
      "title" : "HIV Test Done",
      "status" : "active",
      "experimental" : false,
      "date" : "2023-02-24T12:58:33+00:00",
      "publisher" : "Jembi Health Systems",
      "contact" : [{
        "telecom" : [{
          "system" : "url",
          "value" : "https://www.jembi.org"
        },
        {
          "system" : "email",
          "value" : "info@jembi.org"
        }]
      }],
      "description" : "Used by the observation to indicate that a HIV test was performed.",
      "jurisdiction" : [{
        "coding" : [{
          "system" : "http://unstats.un.org/unsd/methods/m49/m49.htm",
          "code" : "001"
        }]
      }],
      "expansion" : {
        "identifier" : "urn:uuid:b746a243-992b-4b13-ab9d-9a2fb2aa14af",
        "timestamp" : "2023-02-24T12:59:14+00:00",
        "total" : 1,
        "parameter" : [{
          "name" : "excludeNested",
          "valueBoolean" : false
        },
        {
          "name" : "limitedExpansion",
          "valueBoolean" : true
        },
        {
          "name" : "version",
          "valueUri" : "http://snomed.info/sct|http://snomed.info/sct/900000000000207008/version/20220731"
        }],
        "contains" : [{
          "system" : "http://snomed.info/sct",
          "code" : "315124004",
          "display" : "Human immunodeficiency virus viral load (procedure)"
        }]
      }
    }
  },
  {
    "fullUrl" : "http://openhie.org/fhir/hiv-cbs/ValueSet/vs-hiv-recency-status",
    "resource" : {
      "resourceType" : "ValueSet",
      "id" : "vs-hiv-recency-status",
      "text" : {
        "status" : "generated",
        "div" : "<div xmlns=\"http://www.w3.org/1999/xhtml\"><p>This value set contains 2 concepts</p><p style=\"border: black 1px dotted; background-color: #EEEEEE; padding: 8px; margin-bottom: 8px\">Expansion based on SNOMED CT International edition 31-Jul 2022</p><table class=\"codes\"><tr><td style=\"white-space:nowrap\"><b>Code</b></td><td><b>System</b></td><td><b>Display</b></td></tr><tr><td style=\"white-space:nowrap\"><a name=\"http---snomed.info-sct-6493001\"> </a>  <a href=\"http://snomed.info/id/6493001\">6493001</a></td><td>http://snomed.info/sct</td><td>Recent (qualifier value)</td></tr><tr><td style=\"white-space:nowrap\"><a name=\"http---snomed.info-sct-307294006\"> </a>  <a href=\"http://snomed.info/id/307294006\">307294006</a></td><td>http://snomed.info/sct</td><td>Personal history finding (finding)</td></tr></table></div>"
      },
      "url" : "http://openhie.org/fhir/hiv-cbs/ValueSet/vs-hiv-recency-status",
      "version" : "0.2.0",
      "name" : "VSHIVRecencyStatus",
      "title" : "HIV Recency Testing Status",
      "status" : "active",
      "experimental" : false,
      "date" : "2023-02-24T12:58:33+00:00",
      "publisher" : "Jembi Health Systems",
      "contact" : [{
        "telecom" : [{
          "system" : "url",
          "value" : "https://www.jembi.org"
        },
        {
          "system" : "email",
          "value" : "info@jembi.org"
        }]
      }],
      "description" : "A list of HIV recency statuses",
      "jurisdiction" : [{
        "coding" : [{
          "system" : "http://unstats.un.org/unsd/methods/m49/m49.htm",
          "code" : "001"
        }]
      }],
      "expansion" : {
        "identifier" : "urn:uuid:021d7bc4-88ff-4228-a6e4-56f98ca6e593",
        "timestamp" : "2023-02-24T12:59:16+00:00",
        "total" : 2,
        "parameter" : [{
          "name" : "excludeNested",
          "valueBoolean" : false
        },
        {
          "name" : "limitedExpansion",
          "valueBoolean" : true
        },
        {
          "name" : "version",
          "valueUri" : "http://snomed.info/sct|http://snomed.info/sct/900000000000207008/version/20220731"
        }],
        "contains" : [{
          "system" : "http://snomed.info/sct",
          "code" : "6493001",
          "display" : "Recent (qualifier value)"
        },
        {
          "system" : "http://snomed.info/sct",
          "code" : "307294006",
          "display" : "Personal history finding (finding)"
        }]
      }
    }
  },
  {
    "fullUrl" : "http://openhie.org/fhir/hiv-cbs/ValueSet/vs-patient-enrollment-type",
    "resource" : {
      "resourceType" : "ValueSet",
      "id" : "vs-patient-enrollment-type",
      "text" : {
        "status" : "generated",
        "div" : "<div xmlns=\"http://www.w3.org/1999/xhtml\"><p>This value set contains 4 concepts</p><div style=\"border: black 1px dotted; background-color: #EEEEEE; padding: 8px; margin-bottom: 8px\"><p>Expansion based on: </p><ul><li>Loinc v2.73</li><li>SNOMED CT International edition 31-Jul 2022</li></ul></div><table class=\"codes\"><tr><td style=\"white-space:nowrap\"><b>Code</b></td><td><b>System</b></td><td><b>Display</b></td></tr><tr><td style=\"white-space:nowrap\"><a name=\"http---snomed.info-sct-185387006\"> </a>  <a href=\"http://snomed.info/id/185387006\">185387006</a></td><td>http://snomed.info/sct</td><td>New patient consultation (procedure)</td></tr><tr><td style=\"white-space:nowrap\"><a name=\"http---snomed.info-sct-309037001\"> </a>  <a href=\"http://snomed.info/id/309037001\">309037001</a></td><td>http://snomed.info/sct</td><td>Transfer status (finding)</td></tr><tr><td style=\"white-space:nowrap\"><a name=\"http---snomed.info-sct-182837001\"> </a>  <a href=\"http://snomed.info/id/182837001\">182837001</a></td><td>http://snomed.info/sct</td><td>Restart of medication (procedure)</td></tr><tr><td style=\"white-space:nowrap\"><a name=\"http---loinc.org-LA6505-7\"> </a>  <a href=\"https://loinc.org/LA6505-7/\">LA6505-7</a></td><td>http://loinc.org</td><td>PMTCT</td></tr></table></div>"
      },
      "url" : "http://openhie.org/fhir/hiv-cbs/ValueSet/vs-patient-enrollment-type",
      "version" : "0.2.0",
      "name" : "VSPatientEnrollmentType",
      "title" : "Patient Type at Enrolment",
      "status" : "active",
      "experimental" : false,
      "date" : "2023-02-24T12:58:33+00:00",
      "publisher" : "Jembi Health Systems",
      "contact" : [{
        "telecom" : [{
          "system" : "url",
          "value" : "https://www.jembi.org"
        },
        {
          "system" : "email",
          "value" : "info@jembi.org"
        }]
      }],
      "description" : "A list of Patient Types at Enrolment",
      "jurisdiction" : [{
        "coding" : [{
          "system" : "http://unstats.un.org/unsd/methods/m49/m49.htm",
          "code" : "001"
        }]
      }],
      "expansion" : {
        "identifier" : "urn:uuid:24f20a7c-2f4a-4d00-ac5e-d96592988504",
        "timestamp" : "2023-02-24T12:59:16+00:00",
        "total" : 4,
        "parameter" : [{
          "name" : "excludeNested",
          "valueBoolean" : false
        },
        {
          "name" : "limitedExpansion",
          "valueBoolean" : true
        },
        {
          "name" : "version",
          "valueUri" : "http://snomed.info/sct|http://snomed.info/sct/900000000000207008/version/20220731"
        },
        {
          "name" : "excludeNested",
          "valueBoolean" : true
        },
        {
          "name" : "version",
          "valueUri" : "http://loinc.org|2.73"
        }],
        "contains" : [{
          "system" : "http://snomed.info/sct",
          "code" : "185387006",
          "display" : "New patient consultation (procedure)"
        },
        {
          "system" : "http://snomed.info/sct",
          "code" : "309037001",
          "display" : "Transfer status (finding)"
        },
        {
          "system" : "http://snomed.info/sct",
          "code" : "182837001",
          "display" : "Restart of medication (procedure)"
        },
        {
          "system" : "http://loinc.org",
          "code" : "LA6505-7",
          "display" : "PMTCT"
        }]
      }
    }
  },
  {
    "fullUrl" : "http://openhie.org/fhir/hiv-cbs/ValueSet/vs-vl-suppression",
    "resource" : {
      "resourceType" : "ValueSet",
      "id" : "vs-vl-suppression",
      "text" : {
        "status" : "generated",
        "div" : "<div xmlns=\"http://www.w3.org/1999/xhtml\"><p>This value set contains 3 concepts</p><p style=\"border: black 1px dotted; background-color: #EEEEEE; padding: 8px; margin-bottom: 8px\">Expansion based on SNOMED CT International edition 31-Jul 2022</p><table class=\"codes\"><tr><td style=\"white-space:nowrap\"><b>Code</b></td><td><b>System</b></td><td><b>Display</b></td></tr><tr><td style=\"white-space:nowrap\"><a name=\"http---snomed.info-sct-245780008\"> </a>  <a href=\"http://snomed.info/id/245780008\">245780008</a></td><td>http://snomed.info/sct</td><td>Suppressed (qualifier value)</td></tr><tr><td style=\"white-space:nowrap\"><a name=\"http---snomed.info-sct-19032002\"> </a>  <a href=\"http://snomed.info/id/19032002\">19032002</a></td><td>http://snomed.info/sct</td><td>Uncontrolled (qualifier value)</td></tr><tr><td style=\"white-space:nowrap\"><a name=\"http---snomed.info-sct-261665006\"> </a>  <a href=\"http://snomed.info/id/261665006\">261665006</a></td><td>http://snomed.info/sct</td><td>Unknown (qualifier value)</td></tr></table></div>"
      },
      "url" : "http://openhie.org/fhir/hiv-cbs/ValueSet/vs-vl-suppression",
      "version" : "0.2.0",
      "name" : "VSVLSuppression",
      "title" : "Viral Load Suppressions Status",
      "status" : "active",
      "experimental" : false,
      "date" : "2023-02-24T12:58:33+00:00",
      "publisher" : "Jembi Health Systems",
      "contact" : [{
        "telecom" : [{
          "system" : "url",
          "value" : "https://www.jembi.org"
        },
        {
          "system" : "email",
          "value" : "info@jembi.org"
        }]
      }],
      "description" : "Describes a patient's current viral load status.",
      "jurisdiction" : [{
        "coding" : [{
          "system" : "http://unstats.un.org/unsd/methods/m49/m49.htm",
          "code" : "001"
        }]
      }],
      "expansion" : {
        "identifier" : "urn:uuid:702397ab-be70-498c-b5cc-c096105f26c6",
        "timestamp" : "2023-02-24T12:59:16+00:00",
        "total" : 3,
        "parameter" : [{
          "name" : "excludeNested",
          "valueBoolean" : false
        },
        {
          "name" : "limitedExpansion",
          "valueBoolean" : true
        },
        {
          "name" : "version",
          "valueUri" : "http://snomed.info/sct|http://snomed.info/sct/900000000000207008/version/20220731"
        }],
        "contains" : [{
          "system" : "http://snomed.info/sct",
          "code" : "245780008",
          "display" : "Suppressed (qualifier value)"
        },
        {
          "system" : "http://snomed.info/sct",
          "code" : "19032002",
          "display" : "Uncontrolled (qualifier value)"
        },
        {
          "system" : "http://snomed.info/sct",
          "code" : "261665006",
          "display" : "Unknown (qualifier value)"
        }]
      }
    }
  },
  {
    "fullUrl" : "http://openhie.org/fhir/hiv-cbs/ValueSet/vs-careplan-outcome",
    "resource" : {
      "resourceType" : "ValueSet",
      "id" : "vs-careplan-outcome",
      "text" : {
        "status" : "generated",
        "div" : "<div xmlns=\"http://www.w3.org/1999/xhtml\"><p>This value set contains 1 concepts</p><p style=\"border: black 1px dotted; background-color: #EEEEEE; padding: 8px; margin-bottom: 8px\">Expansion based on SNOMED CT International edition 31-Jul 2022</p><table class=\"codes\"><tr><td style=\"white-space:nowrap\"><b>Code</b></td><td><b>System</b></td><td><b>Display</b></td></tr><tr><td style=\"white-space:nowrap\"><a name=\"http---snomed.info-sct-105480006\"> </a>  <a href=\"http://snomed.info/id/105480006\">105480006</a></td><td>http://snomed.info/sct</td><td>Procedure declined by patient (situation)</td></tr></table></div>"
      },
      "url" : "http://openhie.org/fhir/hiv-cbs/ValueSet/vs-careplan-outcome",
      "version" : "0.2.0",
      "name" : "VSCarePlanActivityOutcome",
      "title" : "ARV treatment outcomes",
      "status" : "active",
      "experimental" : false,
      "date" : "2023-02-24T12:58:33+00:00",
      "publisher" : "Jembi Health Systems",
      "contact" : [{
        "telecom" : [{
          "system" : "url",
          "value" : "https://www.jembi.org"
        },
        {
          "system" : "email",
          "value" : "info@jembi.org"
        }]
      }],
      "description" : "A list of possible ARV treatment outcomes.",
      "jurisdiction" : [{
        "coding" : [{
          "system" : "http://unstats.un.org/unsd/methods/m49/m49.htm",
          "code" : "001"
        }]
      }],
      "expansion" : {
        "identifier" : "urn:uuid:df0777fa-e624-4789-af73-d6c3281eb100",
        "timestamp" : "2023-02-24T12:59:21+00:00",
        "total" : 1,
        "parameter" : [{
          "name" : "excludeNested",
          "valueBoolean" : false
        },
        {
          "name" : "limitedExpansion",
          "valueBoolean" : true
        },
        {
          "name" : "version",
          "valueUri" : "http://snomed.info/sct|http://snomed.info/sct/900000000000207008/version/20220731"
        }],
        "contains" : [{
          "system" : "http://snomed.info/sct",
          "code" : "105480006",
          "display" : "Procedure declined by patient (situation)"
        }]
      }
    }
  },
  {
    "fullUrl" : "http://openhie.org/fhir/hiv-cbs/ValueSet/vs-reason-for-assessment-or-test-not-performed",
    "resource" : {
      "resourceType" : "ValueSet",
      "id" : "vs-reason-for-assessment-or-test-not-performed",
      "text" : {
        "status" : "generated",
        "div" : "<div xmlns=\"http://www.w3.org/1999/xhtml\"><p>This value set contains 15 concepts</p><p style=\"border: black 1px dotted; background-color: #EEEEEE; padding: 8px; margin-bottom: 8px\">Expansion based on SNOMED CT International edition 31-Jul 2022</p><table class=\"codes\"><tr><td style=\"white-space:nowrap\"><b>Code</b></td><td><b>System</b></td><td><b>Display</b></td></tr><tr><td style=\"white-space:nowrap\"><a name=\"http---snomed.info-sct-77386006\"> </a>  <a href=\"http://snomed.info/id/77386006\">77386006</a></td><td>http://snomed.info/sct</td><td>Currently pregnant</td></tr><tr><td style=\"white-space:nowrap\"><a name=\"http---snomed.info-sct-428450006\"> </a>  <a href=\"http://snomed.info/id/428450006\">428450006</a></td><td>http://snomed.info/sct</td><td>Repeat</td></tr><tr><td style=\"white-space:nowrap\"><a name=\"http---snomed.info-sct-171111007\"> </a>  <a href=\"http://snomed.info/id/171111007\">171111007</a></td><td>http://snomed.info/sct</td><td>Results not available</td></tr><tr><td style=\"white-space:nowrap\"><a name=\"http---snomed.info-sct-266721009\"> </a>  <a href=\"http://snomed.info/id/266721009\">266721009</a></td><td>http://snomed.info/sct</td><td>Absent response to treatment</td></tr><tr><td style=\"white-space:nowrap\"><a name=\"http---snomed.info-sct-170564007\"> </a>  <a href=\"http://snomed.info/id/170564007\">170564007</a></td><td>http://snomed.info/sct</td><td>Chronic disease - treatment changed (finding)</td></tr><tr><td style=\"white-space:nowrap\"><a name=\"http---snomed.info-sct-413712001\"> </a>  <a href=\"http://snomed.info/id/413712001\">413712001</a></td><td>http://snomed.info/sct</td><td>Breastfeeding (mother) (observable entity)</td></tr><tr><td style=\"white-space:nowrap\"><a name=\"http---snomed.info-sct-315124004\"> </a>  <a href=\"http://snomed.info/id/315124004\">315124004</a></td><td>http://snomed.info/sct</td><td>Baseline Viral Load / Routine Viral Load</td></tr><tr><td style=\"white-space:nowrap\"><a name=\"http---snomed.info-sct-2528003\"> </a>  <a href=\"http://snomed.info/id/2528003\">2528003</a></td><td>http://snomed.info/sct</td><td>Persistent low-Level viraemia</td></tr><tr><td style=\"white-space:nowrap\"><a name=\"http---snomed.info-sct-441510007\"> </a>  <a href=\"http://snomed.info/id/441510007\">441510007</a></td><td>http://snomed.info/sct</td><td>Blood sample coagulated</td></tr><tr><td style=\"white-space:nowrap\"><a name=\"http---snomed.info-sct-123840003\"> </a>  <a href=\"http://snomed.info/id/123840003\">123840003</a></td><td>http://snomed.info/sct</td><td>Contaminated specimen</td></tr><tr><td style=\"white-space:nowrap\"><a name=\"http---snomed.info-sct-397933008\"> </a>  <a href=\"http://snomed.info/id/397933008\">397933008</a></td><td>http://snomed.info/sct</td><td>Equipment failure</td></tr><tr><td style=\"white-space:nowrap\"><a name=\"http---snomed.info-sct-281264009\"> </a>  <a href=\"http://snomed.info/id/281264009\">281264009</a></td><td>http://snomed.info/sct</td><td>Inappropriate sample container used</td></tr><tr><td style=\"white-space:nowrap\"><a name=\"http---snomed.info-sct-281268007\"> </a>  <a href=\"http://snomed.info/id/281268007\">281268007</a></td><td>http://snomed.info/sct</td><td>Insufficient sample</td></tr><tr><td style=\"white-space:nowrap\"><a name=\"http---snomed.info-sct-281265005\"> </a>  <a href=\"http://snomed.info/id/281265005\">281265005</a></td><td>http://snomed.info/sct</td><td>Specimen not labeled</td></tr><tr><td style=\"white-space:nowrap\"><a name=\"http---snomed.info-sct-419182006\"> </a>  <a href=\"http://snomed.info/id/419182006\">419182006</a></td><td>http://snomed.info/sct</td><td>Supplies not available</td></tr></table></div>"
      },
      "url" : "http://openhie.org/fhir/hiv-cbs/ValueSet/vs-reason-for-assessment-or-test-not-performed",
      "version" : "0.2.0",
      "name" : "VSReasonForAssessmentOrTestNotPerformed",
      "title" : "Reason for Assessment or Test Not Performed",
      "status" : "active",
      "experimental" : false,
      "date" : "2023-02-24T12:58:33+00:00",
      "publisher" : "Jembi Health Systems",
      "contact" : [{
        "telecom" : [{
          "system" : "url",
          "value" : "https://www.jembi.org"
        },
        {
          "system" : "email",
          "value" : "info@jembi.org"
        }]
      }],
      "description" : "A list of reasons associated with the service request for the lab order.",
      "jurisdiction" : [{
        "coding" : [{
          "system" : "http://unstats.un.org/unsd/methods/m49/m49.htm",
          "code" : "001"
        }]
      }],
      "expansion" : {
        "identifier" : "urn:uuid:35590799-3e53-4227-a7d9-7bf865516171",
        "timestamp" : "2023-02-24T12:59:21+00:00",
        "total" : 15,
        "parameter" : [{
          "name" : "excludeNested",
          "valueBoolean" : false
        },
        {
          "name" : "limitedExpansion",
          "valueBoolean" : true
        },
        {
          "name" : "version",
          "valueUri" : "http://snomed.info/sct|http://snomed.info/sct/900000000000207008/version/20220731"
        }],
        "contains" : [{
          "system" : "http://snomed.info/sct",
          "code" : "77386006",
          "display" : "Currently pregnant"
        },
        {
          "system" : "http://snomed.info/sct",
          "code" : "428450006",
          "display" : "Repeat"
        },
        {
          "system" : "http://snomed.info/sct",
          "code" : "171111007",
          "display" : "Results not available"
        },
        {
          "system" : "http://snomed.info/sct",
          "code" : "266721009",
          "display" : "Absent response to treatment"
        },
        {
          "system" : "http://snomed.info/sct",
          "code" : "170564007",
          "display" : "Chronic disease - treatment changed (finding)"
        },
        {
          "system" : "http://snomed.info/sct",
          "code" : "413712001",
          "display" : "Breastfeeding (mother) (observable entity)"
        },
        {
          "system" : "http://snomed.info/sct",
          "code" : "315124004",
          "display" : "Baseline Viral Load / Routine Viral Load"
        },
        {
          "system" : "http://snomed.info/sct",
          "code" : "2528003",
          "display" : "Persistent low-Level viraemia"
        },
        {
          "system" : "http://snomed.info/sct",
          "code" : "441510007",
          "display" : "Blood sample coagulated"
        },
        {
          "system" : "http://snomed.info/sct",
          "code" : "123840003",
          "display" : "Contaminated specimen"
        },
        {
          "system" : "http://snomed.info/sct",
          "code" : "397933008",
          "display" : "Equipment failure"
        },
        {
          "system" : "http://snomed.info/sct",
          "code" : "281264009",
          "display" : "Inappropriate sample container used"
        },
        {
          "system" : "http://snomed.info/sct",
          "code" : "281268007",
          "display" : "Insufficient sample"
        },
        {
          "system" : "http://snomed.info/sct",
          "code" : "281265005",
          "display" : "Specimen not labeled"
        },
        {
          "system" : "http://snomed.info/sct",
          "code" : "419182006",
          "display" : "Supplies not available"
        }]
      }
    }
  },
  {
    "fullUrl" : "http://openhie.org/fhir/hiv-cbs/ValueSet/vs-condition",
    "resource" : {
      "resourceType" : "ValueSet",
      "id" : "vs-condition",
      "text" : {
        "status" : "generated",
        "div" : "<div xmlns=\"http://www.w3.org/1999/xhtml\"><p>This value set contains 1 concepts</p><p style=\"border: black 1px dotted; background-color: #EEEEEE; padding: 8px; margin-bottom: 8px\">Expansion based on SNOMED CT International edition 31-Jul 2022</p><table class=\"codes\"><tr><td style=\"white-space:nowrap\"><b>Code</b></td><td><b>System</b></td><td><b>Display</b></td></tr><tr><td style=\"white-space:nowrap\"><a name=\"http---snomed.info-sct-86406008\"> </a>  <a href=\"http://snomed.info/id/86406008\">86406008</a></td><td>http://snomed.info/sct</td><td>Human immunodeficiency virus infection (disorder)</td></tr></table></div>"
      },
      "url" : "http://openhie.org/fhir/hiv-cbs/ValueSet/vs-condition",
      "version" : "0.2.0",
      "name" : "VSCondition",
      "title" : "Conditions",
      "status" : "active",
      "experimental" : false,
      "date" : "2023-02-24T12:58:33+00:00",
      "publisher" : "Jembi Health Systems",
      "contact" : [{
        "telecom" : [{
          "system" : "url",
          "value" : "https://www.jembi.org"
        },
        {
          "system" : "email",
          "value" : "info@jembi.org"
        }]
      }],
      "description" : "A list of possible HIV conditions.",
      "jurisdiction" : [{
        "coding" : [{
          "system" : "http://unstats.un.org/unsd/methods/m49/m49.htm",
          "code" : "001"
        }]
      }],
      "expansion" : {
        "identifier" : "urn:uuid:9dd1dc64-1a4d-4fa9-a1d3-1dd2dee65ab6",
        "timestamp" : "2023-02-24T12:59:22+00:00",
        "total" : 1,
        "parameter" : [{
          "name" : "excludeNested",
          "valueBoolean" : false
        },
        {
          "name" : "limitedExpansion",
          "valueBoolean" : true
        },
        {
          "name" : "version",
          "valueUri" : "http://snomed.info/sct|http://snomed.info/sct/900000000000207008/version/20220731"
        }],
        "contains" : [{
          "system" : "http://snomed.info/sct",
          "code" : "86406008",
          "display" : "Human immunodeficiency virus infection (disorder)"
        }]
      }
    }
  },
  {
    "fullUrl" : "http://openhie.org/fhir/hiv-cbs/ValueSet/vs-yes-no",
    "resource" : {
      "resourceType" : "ValueSet",
      "id" : "vs-yes-no",
      "text" : {
        "status" : "generated",
        "div" : "<div xmlns=\"http://www.w3.org/1999/xhtml\"><p>This value set contains 3 concepts</p><p style=\"border: black 1px dotted; background-color: #EEEEEE; padding: 8px; margin-bottom: 8px\">Expansion based on SNOMED CT International edition 31-Jul 2022</p><table class=\"codes\"><tr><td style=\"white-space:nowrap\"><b>Code</b></td><td><b>System</b></td><td><b>Display</b></td></tr><tr><td style=\"white-space:nowrap\"><a name=\"http---snomed.info-sct-373066001\"> </a>  <a href=\"http://snomed.info/id/373066001\">373066001</a></td><td>http://snomed.info/sct</td><td>Yes</td></tr><tr><td style=\"white-space:nowrap\"><a name=\"http---snomed.info-sct-373067005\"> </a>  <a href=\"http://snomed.info/id/373067005\">373067005</a></td><td>http://snomed.info/sct</td><td>No</td></tr><tr><td style=\"white-space:nowrap\"><a name=\"http---snomed.info-sct-261665006\"> </a>  <a href=\"http://snomed.info/id/261665006\">261665006</a></td><td>http://snomed.info/sct</td><td>Unknown</td></tr></table></div>"
      },
      "url" : "http://openhie.org/fhir/hiv-cbs/ValueSet/vs-yes-no",
      "version" : "0.2.0",
      "name" : "VSYesNoUnknown",
      "title" : "Yes No Unknown",
      "status" : "active",
      "experimental" : false,
      "date" : "2023-02-24T12:58:33+00:00",
      "publisher" : "Jembi Health Systems",
      "contact" : [{
        "telecom" : [{
          "system" : "url",
          "value" : "https://www.jembi.org"
        },
        {
          "system" : "email",
          "value" : "info@jembi.org"
        }]
      }],
      "description" : "A list of options used to provide an answer",
      "jurisdiction" : [{
        "coding" : [{
          "system" : "http://unstats.un.org/unsd/methods/m49/m49.htm",
          "code" : "001"
        }]
      }],
      "expansion" : {
        "identifier" : "urn:uuid:ec1afc84-a9ea-4d1f-bf3e-3c6621ebd4be",
        "timestamp" : "2023-02-24T12:59:24+00:00",
        "total" : 3,
        "parameter" : [{
          "name" : "excludeNested",
          "valueBoolean" : false
        },
        {
          "name" : "limitedExpansion",
          "valueBoolean" : true
        },
        {
          "name" : "version",
          "valueUri" : "http://snomed.info/sct|http://snomed.info/sct/900000000000207008/version/20220731"
        }],
        "contains" : [{
          "system" : "http://snomed.info/sct",
          "code" : "373066001",
          "display" : "Yes"
        },
        {
          "system" : "http://snomed.info/sct",
          "code" : "373067005",
          "display" : "No"
        },
        {
          "system" : "http://snomed.info/sct",
          "code" : "261665006",
          "display" : "Unknown"
        }]
      }
    }
  },
  {
    "fullUrl" : "http://openhie.org/fhir/hiv-cbs/ValueSet/vs-hiv-recency-test",
    "resource" : {
      "resourceType" : "ValueSet",
      "id" : "vs-hiv-recency-test",
      "text" : {
        "status" : "generated",
        "div" : "<div xmlns=\"http://www.w3.org/1999/xhtml\"><p>This value set contains 1 concepts</p><p style=\"border: black 1px dotted; background-color: #EEEEEE; padding: 8px; margin-bottom: 8px\">Expansion based on SNOMED CT International edition 31-Jul 2022</p><table class=\"codes\"><tr><td style=\"white-space:nowrap\"><b>Code</b></td><td><b>System</b></td><td><b>Display</b></td></tr><tr><td style=\"white-space:nowrap\"><a name=\"http---snomed.info-sct-409788009\"> </a>  <a href=\"http://snomed.info/id/409788009\">409788009</a></td><td>http://snomed.info/sct</td><td>Rapid human immunodeficiency virus type 1 antibody test (procedure)</td></tr></table></div>"
      },
      "url" : "http://openhie.org/fhir/hiv-cbs/ValueSet/vs-hiv-recency-test",
      "version" : "0.2.0",
      "name" : "VSHIVRecencyTest",
      "title" : "Recency HIV Test",
      "status" : "active",
      "experimental" : false,
      "date" : "2023-02-24T12:58:33+00:00",
      "publisher" : "Jembi Health Systems",
      "contact" : [{
        "telecom" : [{
          "system" : "url",
          "value" : "https://www.jembi.org"
        },
        {
          "system" : "email",
          "value" : "info@jembi.org"
        }]
      }],
      "description" : "Used by the observation to indicate that a HIV recency test was performed.",
      "jurisdiction" : [{
        "coding" : [{
          "system" : "http://unstats.un.org/unsd/methods/m49/m49.htm",
          "code" : "001"
        }]
      }],
      "expansion" : {
        "identifier" : "urn:uuid:311d6b70-8cab-4fb1-bca4-f9a50c425f4b",
        "timestamp" : "2023-02-24T12:59:24+00:00",
        "total" : 1,
        "parameter" : [{
          "name" : "excludeNested",
          "valueBoolean" : false
        },
        {
          "name" : "limitedExpansion",
          "valueBoolean" : true
        },
        {
          "name" : "version",
          "valueUri" : "http://snomed.info/sct|http://snomed.info/sct/900000000000207008/version/20220731"
        }],
        "contains" : [{
          "system" : "http://snomed.info/sct",
          "code" : "409788009",
          "display" : "Rapid human immunodeficiency virus type 1 antibody test (procedure)"
        }]
      }
    }
  },
  {
    "fullUrl" : "http://openhie.org/fhir/hiv-cbs/ValueSet/vs-hiv-death",
    "resource" : {
      "resourceType" : "ValueSet",
      "id" : "vs-hiv-death",
      "text" : {
        "status" : "generated",
        "div" : "<div xmlns=\"http://www.w3.org/1999/xhtml\"><p>This value set contains 1 concepts</p><p style=\"border: black 1px dotted; background-color: #EEEEEE; padding: 8px; margin-bottom: 8px\">Expansion based on SNOMED CT International edition 31-Jul 2022</p><table class=\"codes\"><tr><td style=\"white-space:nowrap\"><b>Code</b></td><td><b>System</b></td><td><b>Display</b></td></tr><tr><td style=\"white-space:nowrap\"><a name=\"http---snomed.info-sct-419099009\"> </a>  <a href=\"http://snomed.info/id/419099009\">419099009</a></td><td>http://snomed.info/sct</td><td>Dead (finding)</td></tr></table></div>"
      },
      "url" : "http://openhie.org/fhir/hiv-cbs/ValueSet/vs-hiv-death",
      "version" : "0.2.0",
      "name" : "VSHIVDeath",
      "title" : "Death",
      "status" : "active",
      "experimental" : false,
      "date" : "2023-02-24T12:58:33+00:00",
      "publisher" : "Jembi Health Systems",
      "contact" : [{
        "telecom" : [{
          "system" : "url",
          "value" : "https://www.jembi.org"
        },
        {
          "system" : "email",
          "value" : "info@jembi.org"
        }]
      }],
      "description" : "A list of possible HIV deaths",
      "jurisdiction" : [{
        "coding" : [{
          "system" : "http://unstats.un.org/unsd/methods/m49/m49.htm",
          "code" : "001"
        }]
      }],
      "expansion" : {
        "identifier" : "urn:uuid:43ea8657-ab7c-4c55-bf03-8817e7e9dcbe",
        "timestamp" : "2023-02-24T12:59:24+00:00",
        "total" : 1,
        "parameter" : [{
          "name" : "excludeNested",
          "valueBoolean" : false
        },
        {
          "name" : "limitedExpansion",
          "valueBoolean" : true
        },
        {
          "name" : "version",
          "valueUri" : "http://snomed.info/sct|http://snomed.info/sct/900000000000207008/version/20220731"
        }],
        "contains" : [{
          "system" : "http://snomed.info/sct",
          "code" : "419099009",
          "display" : "Dead (finding)"
        }]
      }
    }
  },
  {
    "fullUrl" : "http://openhie.org/fhir/hiv-cbs/ValueSet/vs-test-types",
    "resource" : {
      "resourceType" : "ValueSet",
      "id" : "vs-test-types",
      "text" : {
        "status" : "generated",
        "div" : "<div xmlns=\"http://www.w3.org/1999/xhtml\"><p>This value set contains 3 concepts</p><p style=\"border: black 1px dotted; background-color: #EEEEEE; padding: 8px; margin-bottom: 8px\">Expansion based on Loinc v2.73</p><table class=\"codes\"><tr><td style=\"white-space:nowrap\"><b>Code</b></td><td><b>System</b></td><td><b>Display</b></td></tr><tr><td style=\"white-space:nowrap\"><a name=\"http---loinc.org-25842-6\"> </a>  <a href=\"https://loinc.org/25842-6/\">25842-6</a></td><td>http://loinc.org</td><td>HIV 2 proviral DNA [Presence] in Specimen by NAA with probe detection</td></tr><tr><td style=\"white-space:nowrap\"><a name=\"http---loinc.org-25836-8\"> </a>  <a href=\"https://loinc.org/25836-8/\">25836-8</a></td><td>http://loinc.org</td><td>HIV 1 RNA [#/volume] (viral load) in Specimen by NAA with probe detection</td></tr><tr><td style=\"white-space:nowrap\"><a name=\"http---loinc.org-24467-3\"> </a>  <a href=\"https://loinc.org/24467-3/\">24467-3</a></td><td>http://loinc.org</td><td>CD3+CD4+ (T4 helper) cells [#/volume] in Blood</td></tr></table></div>"
      },
      "url" : "http://openhie.org/fhir/hiv-cbs/ValueSet/vs-test-types",
      "version" : "0.2.0",
      "name" : "VSTestTypes",
      "title" : "Test Types",
      "status" : "active",
      "experimental" : false,
      "date" : "2023-02-24T12:58:33+00:00",
      "publisher" : "Jembi Health Systems",
      "contact" : [{
        "telecom" : [{
          "system" : "url",
          "value" : "https://www.jembi.org"
        },
        {
          "system" : "email",
          "value" : "info@jembi.org"
        }]
      }],
      "description" : "A list of HIV test types",
      "jurisdiction" : [{
        "coding" : [{
          "system" : "http://unstats.un.org/unsd/methods/m49/m49.htm",
          "code" : "001"
        }]
      }],
      "expansion" : {
        "identifier" : "urn:uuid:faf4c3ab-cb80-4c57-8a5e-456a7e30a23e",
        "timestamp" : "2023-02-24T12:59:24+00:00",
        "total" : 3,
        "parameter" : [{
          "name" : "excludeNested",
          "valueBoolean" : false
        },
        {
          "name" : "limitedExpansion",
          "valueBoolean" : true
        },
        {
          "name" : "version",
          "valueUri" : "http://loinc.org|2.73"
        }],
        "contains" : [{
          "system" : "http://loinc.org",
          "code" : "25842-6",
          "display" : "HIV 2 proviral DNA [Presence] in Specimen by NAA with probe detection"
        },
        {
          "system" : "http://loinc.org",
          "code" : "25836-8",
          "display" : "HIV 1 RNA [#/volume] (viral load) in Specimen by NAA with probe detection"
        },
        {
          "system" : "http://loinc.org",
          "code" : "24467-3",
          "display" : "CD3+CD4+ (T4 helper) cells [#/volume] in Blood"
        }]
      }
    }
  },
  {
    "fullUrl" : "http://openhie.org/fhir/hiv-cbs/ValueSet/vs-artregimen-lines",
    "resource" : {
      "resourceType" : "ValueSet",
      "id" : "vs-artregimen-lines",
      "text" : {
        "status" : "generated",
        "div" : "<div xmlns=\"http://www.w3.org/1999/xhtml\"><p>This value set contains 3 concepts</p><p style=\"border: black 1px dotted; background-color: #EEEEEE; padding: 8px; margin-bottom: 8px\">Expansion based on SNOMED CT International edition 31-Jul 2022</p><table class=\"codes\"><tr><td style=\"white-space:nowrap\"><b>Code</b></td><td><b>System</b></td><td><b>Display</b></td></tr><tr><td style=\"white-space:nowrap\"><a name=\"http---snomed.info-sct-708255002\"> </a>  <a href=\"http://snomed.info/id/708255002\">708255002</a></td><td>http://snomed.info/sct</td><td>First line treatment (procedure)</td></tr><tr><td style=\"white-space:nowrap\"><a name=\"http---snomed.info-sct-708256001\"> </a>  <a href=\"http://snomed.info/id/708256001\">708256001</a></td><td>http://snomed.info/sct</td><td>Second line treatment (procedure)</td></tr><tr><td style=\"white-space:nowrap\"><a name=\"http---snomed.info-sct-708257005\"> </a>  <a href=\"http://snomed.info/id/708257005\">708257005</a></td><td>http://snomed.info/sct</td><td>Third line treatment (procedure)</td></tr></table></div>"
      },
      "url" : "http://openhie.org/fhir/hiv-cbs/ValueSet/vs-artregimen-lines",
      "version" : "0.2.0",
      "name" : "VSARTRegimenLines",
      "title" : "ART Regimen Lines",
      "status" : "active",
      "experimental" : false,
      "date" : "2023-02-24T12:58:33+00:00",
      "publisher" : "Jembi Health Systems",
      "contact" : [{
        "telecom" : [{
          "system" : "url",
          "value" : "https://www.jembi.org"
        },
        {
          "system" : "email",
          "value" : "info@jembi.org"
        }]
      }],
      "description" : "A list of ART regimen therapeutic lines.",
      "jurisdiction" : [{
        "coding" : [{
          "system" : "http://unstats.un.org/unsd/methods/m49/m49.htm",
          "code" : "001"
        }]
      }],
      "expansion" : {
        "identifier" : "urn:uuid:2a10c62c-785d-4893-a853-b0ce6014fdf4",
        "timestamp" : "2023-02-24T12:59:24+00:00",
        "total" : 3,
        "parameter" : [{
          "name" : "excludeNested",
          "valueBoolean" : false
        },
        {
          "name" : "limitedExpansion",
          "valueBoolean" : true
        },
        {
          "name" : "version",
          "valueUri" : "http://snomed.info/sct|http://snomed.info/sct/900000000000207008/version/20220731"
        }],
        "contains" : [{
          "system" : "http://snomed.info/sct",
          "code" : "708255002",
          "display" : "First line treatment (procedure)"
        },
        {
          "system" : "http://snomed.info/sct",
          "code" : "708256001",
          "display" : "Second line treatment (procedure)"
        },
        {
          "system" : "http://snomed.info/sct",
          "code" : "708257005",
          "display" : "Third line treatment (procedure)"
        }]
      }
    }
  },
  {
    "fullUrl" : "http://openhie.org/fhir/hiv-cbs/ValueSet/vs-specimen-type",
    "resource" : {
      "resourceType" : "ValueSet",
      "id" : "vs-specimen-type",
      "text" : {
        "status" : "generated",
        "div" : "<div xmlns=\"http://www.w3.org/1999/xhtml\"><p>This value set contains 5 concepts</p><p style=\"border: black 1px dotted; background-color: #EEEEEE; padding: 8px; margin-bottom: 8px\">Expansion based on SNOMED CT International edition 31-Jul 2022</p><table class=\"codes\"><tr><td style=\"white-space:nowrap\"><b>Code</b></td><td><b>System</b></td><td><b>Display</b></td></tr><tr><td style=\"white-space:nowrap\"><a name=\"http---snomed.info-sct-119361006\"> </a>  <a href=\"http://snomed.info/id/119361006\">119361006</a></td><td>http://snomed.info/sct</td><td>Plasma specimen (specimen)</td></tr><tr><td style=\"white-space:nowrap\"><a name=\"http---snomed.info-sct-440500007\"> </a>  <a href=\"http://snomed.info/id/440500007\">440500007</a></td><td>http://snomed.info/sct</td><td>Dried blood spot specimen (specimen)</td></tr><tr><td style=\"white-space:nowrap\"><a name=\"http---snomed.info-sct-441620008\"> </a>  <a href=\"http://snomed.info/id/441620008\">441620008</a></td><td>http://snomed.info/sct</td><td>Oral fluid specimen (specimen)</td></tr><tr><td style=\"white-space:nowrap\"><a name=\"http---snomed.info-sct-258580003\"> </a>  <a href=\"http://snomed.info/id/258580003\">258580003</a></td><td>http://snomed.info/sct</td><td>Whole blood specimen (specimen)</td></tr><tr><td style=\"white-space:nowrap\"><a name=\"http---snomed.info-sct-119364003\"> </a>  <a href=\"http://snomed.info/id/119364003\">119364003</a></td><td>http://snomed.info/sct</td><td>Serum specimen (specimen)</td></tr></table></div>"
      },
      "url" : "http://openhie.org/fhir/hiv-cbs/ValueSet/vs-specimen-type",
      "version" : "0.2.0",
      "name" : "VSSpecimenType",
      "title" : "Specimen Type Used In Viral Load testing",
      "status" : "active",
      "experimental" : false,
      "date" : "2023-02-24T12:58:33+00:00",
      "publisher" : "Jembi Health Systems",
      "contact" : [{
        "telecom" : [{
          "system" : "url",
          "value" : "https://www.jembi.org"
        },
        {
          "system" : "email",
          "value" : "info@jembi.org"
        }]
      }],
      "description" : "A list of specimen types.",
      "jurisdiction" : [{
        "coding" : [{
          "system" : "http://unstats.un.org/unsd/methods/m49/m49.htm",
          "code" : "001"
        }]
      }],
      "expansion" : {
        "identifier" : "urn:uuid:ca667559-6863-4bfb-9211-b2074b49d5dd",
        "timestamp" : "2023-02-24T12:59:25+00:00",
        "total" : 5,
        "parameter" : [{
          "name" : "excludeNested",
          "valueBoolean" : false
        },
        {
          "name" : "limitedExpansion",
          "valueBoolean" : true
        },
        {
          "name" : "version",
          "valueUri" : "http://snomed.info/sct|http://snomed.info/sct/900000000000207008/version/20220731"
        }],
        "contains" : [{
          "system" : "http://snomed.info/sct",
          "code" : "119361006",
          "display" : "Plasma specimen (specimen)"
        },
        {
          "system" : "http://snomed.info/sct",
          "code" : "440500007",
          "display" : "Dried blood spot specimen (specimen)"
        },
        {
          "system" : "http://snomed.info/sct",
          "code" : "441620008",
          "display" : "Oral fluid specimen (specimen)"
        },
        {
          "system" : "http://snomed.info/sct",
          "code" : "258580003",
          "display" : "Whole blood specimen (specimen)"
        },
        {
          "system" : "http://snomed.info/sct",
          "code" : "119364003",
          "display" : "Serum specimen (specimen)"
        }]
      }
    }
  },
  {
    "fullUrl" : "http://openhie.org/fhir/hiv-cbs/ValueSet/vs-vl-result-code",
    "resource" : {
      "resourceType" : "ValueSet",
      "id" : "vs-vl-result-code",
      "text" : {
        "status" : "generated",
        "div" : "<div xmlns=\"http://www.w3.org/1999/xhtml\"><p>This value set contains 1 concepts</p><p style=\"border: black 1px dotted; background-color: #EEEEEE; padding: 8px; margin-bottom: 8px\">Expansion based on SNOMED CT International edition 31-Jul 2022</p><table class=\"codes\"><tr><td style=\"white-space:nowrap\"><b>Code</b></td><td><b>System</b></td><td><b>Display</b></td></tr><tr><td style=\"white-space:nowrap\"><a name=\"http---snomed.info-sct-398579006\"> </a>  <a href=\"http://snomed.info/id/398579006\">398579006</a></td><td>http://snomed.info/sct</td><td>Human immunodeficiency virus-1 nucleic acid assay (procedure)</td></tr></table></div>"
      },
      "url" : "http://openhie.org/fhir/hiv-cbs/ValueSet/vs-vl-result-code",
      "version" : "0.2.0",
      "name" : "VSVLResultCode",
      "title" : "Viral Load Result Code",
      "status" : "active",
      "experimental" : false,
      "date" : "2023-02-24T12:58:33+00:00",
      "publisher" : "Jembi Health Systems",
      "contact" : [{
        "telecom" : [{
          "system" : "url",
          "value" : "https://www.jembi.org"
        },
        {
          "system" : "email",
          "value" : "info@jembi.org"
        }]
      }],
      "description" : "A code used to indicate the category for the lab result.",
      "jurisdiction" : [{
        "coding" : [{
          "system" : "http://unstats.un.org/unsd/methods/m49/m49.htm",
          "code" : "001"
        }]
      }],
      "expansion" : {
        "identifier" : "urn:uuid:53354cce-a2f4-4491-8af7-5e026a2d8a3c",
        "timestamp" : "2023-02-24T12:59:25+00:00",
        "total" : 1,
        "parameter" : [{
          "name" : "excludeNested",
          "valueBoolean" : false
        },
        {
          "name" : "limitedExpansion",
          "valueBoolean" : true
        },
        {
          "name" : "version",
          "valueUri" : "http://snomed.info/sct|http://snomed.info/sct/900000000000207008/version/20220731"
        }],
        "contains" : [{
          "system" : "http://snomed.info/sct",
          "code" : "398579006",
          "display" : "Human immunodeficiency virus-1 nucleic acid assay (procedure)"
        }]
      }
    }
  },
  {
    "fullUrl" : "http://openhie.org/fhir/hiv-cbs/ValueSet/vs-arvtreatment-activity-type",
    "resource" : {
      "resourceType" : "ValueSet",
      "id" : "vs-arvtreatment-activity-type",
      "text" : {
        "status" : "generated",
        "div" : "<div xmlns=\"http://www.w3.org/1999/xhtml\"><p>This value set contains 1 concepts</p><p style=\"border: black 1px dotted; background-color: #EEEEEE; padding: 8px; margin-bottom: 8px\">Expansion based on Loinc v2.73</p><table class=\"codes\"><tr><td style=\"white-space:nowrap\"><b>Code</b></td><td><b>System</b></td><td><b>Display</b></td></tr><tr><td style=\"white-space:nowrap\"><a name=\"http---loinc.org-45260-7\"> </a>  <a href=\"https://loinc.org/45260-7/\">45260-7</a></td><td>http://loinc.org</td><td>HIV ART medication</td></tr></table></div>"
      },
      "url" : "http://openhie.org/fhir/hiv-cbs/ValueSet/vs-arvtreatment-activity-type",
      "version" : "0.2.0",
      "name" : "VSARVMedicationRequest",
      "title" : "ARV Treatment Medication Request",
      "status" : "active",
      "experimental" : false,
      "date" : "2023-02-24T12:58:33+00:00",
      "publisher" : "Jembi Health Systems",
      "contact" : [{
        "telecom" : [{
          "system" : "url",
          "value" : "https://www.jembi.org"
        },
        {
          "system" : "email",
          "value" : "info@jembi.org"
        }]
      }],
      "description" : "Codes used to represent a medication request for ART.",
      "jurisdiction" : [{
        "coding" : [{
          "system" : "http://unstats.un.org/unsd/methods/m49/m49.htm",
          "code" : "001"
        }]
      }],
      "expansion" : {
        "identifier" : "urn:uuid:f7f9c1b2-1685-4a58-91cf-fffbbdbe5b8c",
        "timestamp" : "2023-02-24T12:59:26+00:00",
        "total" : 1,
        "parameter" : [{
          "name" : "excludeNested",
          "valueBoolean" : false
        },
        {
          "name" : "limitedExpansion",
          "valueBoolean" : true
        },
        {
          "name" : "version",
          "valueUri" : "http://loinc.org|2.73"
        }],
        "contains" : [{
          "system" : "http://loinc.org",
          "code" : "45260-7",
          "display" : "HIV ART medication"
        }]
      }
    }
  },
  {
    "fullUrl" : "http://openhie.org/fhir/hiv-cbs/ValueSet/vs-key-population-status",
    "resource" : {
      "resourceType" : "ValueSet",
      "id" : "vs-key-population-status",
      "text" : {
        "status" : "generated",
        "div" : "<div xmlns=\"http://www.w3.org/1999/xhtml\"><p>This value set contains 7 concepts</p><div style=\"border: black 1px dotted; background-color: #EEEEEE; padding: 8px; margin-bottom: 8px\"><p>Expansion based on: </p><ul><li><a href=\"CodeSystem-cs-key-population-status.html\">Key Population Status v0.2.0 (CodeSystem)</a></li><li>SNOMED CT International edition 31-Jul 2022</li></ul></div><table class=\"codes\"><tr><td style=\"white-space:nowrap\"><b>Code</b></td><td><b>System</b></td><td><b>Display</b></td></tr><tr><td style=\"white-space:nowrap\"><a name=\"http---snomed.info-sct-472986005\"> </a>  <a href=\"http://snomed.info/id/472986005\">472986005</a></td><td>http://snomed.info/sct</td><td>Sexually active with men (finding)</td></tr><tr><td style=\"white-space:nowrap\"><a name=\"http---snomed.info-sct-159799000\"> </a>  <a href=\"http://snomed.info/id/159799000\">159799000</a></td><td>http://snomed.info/sct</td><td>Female prostitute (occupation)</td></tr><tr><td style=\"white-space:nowrap\"><a name=\"http---snomed.info-sct-159800001\"> </a>  <a href=\"http://snomed.info/id/159800001\">159800001</a></td><td>http://snomed.info/sct</td><td>Male prostitute (occupation)</td></tr><tr><td style=\"white-space:nowrap\"><a name=\"http---snomed.info-sct-228388006\"> </a>  <a href=\"http://snomed.info/id/228388006\">228388006</a></td><td>http://snomed.info/sct</td><td>Intravenous drug user (finding)</td></tr><tr><td style=\"white-space:nowrap\"><a name=\"http---snomed.info-sct-417284009\"> </a>  <a href=\"http://snomed.info/id/417284009\">417284009</a></td><td>http://snomed.info/sct</td><td>Current drug user (finding)</td></tr><tr><td style=\"white-space:nowrap\"><a name=\"http---snomed.info-sct-407375002\"> </a>  <a href=\"http://snomed.info/id/407375002\">407375002</a></td><td>http://snomed.info/sct</td><td>Surgically transgendered transsexual (finding)</td></tr><tr><td style=\"white-space:nowrap\"><a name=\"http---openhie.org-fhir-hiv-cbs-CodeSystem-cs-key-population-status-General-Population\"> </a>  <a href=\"CodeSystem-cs-key-population-status.html#cs-key-population-status-General-Population\">General-Population</a></td><td>http://openhie.org/fhir/hiv-cbs/CodeSystem/cs-key-population-status</td><td>General Population</td></tr></table></div>"
      },
      "url" : "http://openhie.org/fhir/hiv-cbs/ValueSet/vs-key-population-status",
      "version" : "0.2.0",
      "name" : "VSKeyPopulationSatus",
      "title" : "Key Population Status",
      "status" : "active",
      "experimental" : false,
      "date" : "2023-02-24T12:58:33+00:00",
      "publisher" : "Jembi Health Systems",
      "contact" : [{
        "telecom" : [{
          "system" : "url",
          "value" : "https://www.jembi.org"
        },
        {
          "system" : "email",
          "value" : "info@jembi.org"
        }]
      }],
      "description" : "A list of key population types",
      "jurisdiction" : [{
        "coding" : [{
          "system" : "http://unstats.un.org/unsd/methods/m49/m49.htm",
          "code" : "001"
        }]
      }],
      "expansion" : {
        "identifier" : "urn:uuid:cb826ea3-fe47-42da-aacd-086be4ccf2d6",
        "timestamp" : "2023-02-24T12:59:26+00:00",
        "total" : 7,
        "parameter" : [{
          "name" : "excludeNested",
          "valueBoolean" : false
        },
        {
          "name" : "limitedExpansion",
          "valueBoolean" : true
        },
        {
          "name" : "version",
          "valueUri" : "http://snomed.info/sct|http://snomed.info/sct/900000000000207008/version/20220731"
        },
        {
          "name" : "version",
          "valueUri" : "http://openhie.org/fhir/hiv-cbs/CodeSystem/cs-key-population-status|0.2.0"
        }],
        "contains" : [{
          "system" : "http://snomed.info/sct",
          "code" : "472986005",
          "display" : "Sexually active with men (finding)"
        },
        {
          "system" : "http://snomed.info/sct",
          "code" : "159799000",
          "display" : "Female prostitute (occupation)"
        },
        {
          "system" : "http://snomed.info/sct",
          "code" : "159800001",
          "display" : "Male prostitute (occupation)"
        },
        {
          "system" : "http://snomed.info/sct",
          "code" : "228388006",
          "display" : "Intravenous drug user (finding)"
        },
        {
          "system" : "http://snomed.info/sct",
          "code" : "417284009",
          "display" : "Current drug user (finding)"
        },
        {
          "system" : "http://snomed.info/sct",
          "code" : "407375002",
          "display" : "Surgically transgendered transsexual (finding)"
        },
        {
          "system" : "http://openhie.org/fhir/hiv-cbs/CodeSystem/cs-key-population-status",
          "code" : "General-Population",
          "display" : "General Population"
        }]
      }
    }
  }]
}