<?xml version="1.0" encoding="UTF-8"?>

<Bundle xmlns="http://hl7.org/fhir">
  <id value="5d8eb1b8-4949-49a4-bf67-c01e049bd55e"/>
  <meta>
    <lastUpdated value="2023-02-23T12:51:52.013+00:00"/>
  </meta>
  <type value="collection"/>
  <entry>
    <fullUrl value="http://openhie.org/fhir/hiv-cbs/ValueSet/vs-hiv-recency-test-result"/>
    <resource>
      <ValueSet>
        <id value="vs-hiv-recency-test-result"/>
        <text>
          <status value="generated"/>
          <div xmlns="http://www.w3.org/1999/xhtml">
            <p>This value set contains 1 concepts</p>
            <p style="border: black 1px dotted; background-color: #EEEEEE; padding: 8px; margin-bottom: 8px">Expansion based on SNOMED CT International edition 31-Jul 2022</p>
            <table class="codes">
              <tr>
                <td style="white-space:nowrap">
                  <b>Code</b>
                </td>
                <td>
                  <b>System</b>
                </td>
                <td>
                  <b>Display</b>
                </td>
              </tr>
              <tr>
                <td style="white-space:nowrap">
                  <a name="http---snomed.info-sct-118246004"> </a>  
                  <a href="http://snomed.info/id/118246004">118246004</a>
                </td>
                <td>http://snomed.info/sct</td>
                <td>Laboratory test finding (navigational concept)</td>
              </tr>
            </table>
          </div>
        </text>
        <url value="http://openhie.org/fhir/hiv-cbs/ValueSet/vs-hiv-recency-test-result"/>
        <version value="0.2.0"/>
        <name value="VSHIVRecencyTestResult"/>
        <title value="Recency HIV Test Result"/>
        <status value="active"/>
        <experimental value="false"/>
        <date value="2023-02-23T12:51:52+00:00"/>
        <publisher value="Jembi Health Systems"/>
        <contact>
          <telecom>
            <system value="url"/>
            <value value="https://www.jembi.org"/>
          </telecom>
          <telecom>
            <system value="email"/>
            <value value="info@jembi.org"/>
          </telecom>
        </contact>
        <description value="A list of HIV recency test result codes."/>
        <jurisdiction>
          <coding>
            <system value="http://unstats.un.org/unsd/methods/m49/m49.htm"/>
            <code value="001"/>
          </coding>
        </jurisdiction>
        <expansion>
          <identifier value="urn:uuid:a1abd8ff-18fc-4f72-8fa7-ec15d66c4527"/>
          <timestamp value="2023-02-23T12:52:28+00:00"/>
          <total value="1"/>
          <parameter>
            <name value="excludeNested"/>
            <valueBoolean value="false"/>
          </parameter>
          <parameter>
            <name value="limitedExpansion"/>
            <valueBoolean value="true"/>
          </parameter>
          <parameter>
            <name value="version"/>
            <valueUri value="http://snomed.info/sct|http://snomed.info/sct/900000000000207008/version/20220731"/>
          </parameter>
          <contains>
            <system value="http://snomed.info/sct"/>
            <code value="118246004"/>
            <display value="Laboratory test finding (navigational concept)"/>
          </contains>
        </expansion>
      </ValueSet>
    </resource>
  </entry>
  <entry>
    <fullUrl value="http://openhie.org/fhir/hiv-cbs/ValueSet/vs-hiv-test-done"/>
    <resource>
      <ValueSet>
        <id value="vs-hiv-test-done"/>
        <text>
          <status value="generated"/>
          <div xmlns="http://www.w3.org/1999/xhtml">
            <p>This value set contains 1 concepts</p>
            <p style="border: black 1px dotted; background-color: #EEEEEE; padding: 8px; margin-bottom: 8px">Expansion based on SNOMED CT International edition 31-Jul 2022</p>
            <table class="codes">
              <tr>
                <td style="white-space:nowrap">
                  <b>Code</b>
                </td>
                <td>
                  <b>System</b>
                </td>
                <td>
                  <b>Display</b>
                </td>
              </tr>
              <tr>
                <td style="white-space:nowrap">
                  <a name="http---snomed.info-sct-315124004"> </a>  
                  <a href="http://snomed.info/id/315124004">315124004</a>
                </td>
                <td>http://snomed.info/sct</td>
                <td>Human immunodeficiency virus viral load (procedure)</td>
              </tr>
            </table>
          </div>
        </text>
        <url value="http://openhie.org/fhir/hiv-cbs/ValueSet/vs-hiv-test-done"/>
        <version value="0.2.0"/>
        <name value="VSHIVTestDone"/>
        <title value="HIV Test Done"/>
        <status value="active"/>
        <experimental value="false"/>
        <date value="2023-02-23T12:51:52+00:00"/>
        <publisher value="Jembi Health Systems"/>
        <contact>
          <telecom>
            <system value="url"/>
            <value value="https://www.jembi.org"/>
          </telecom>
          <telecom>
            <system value="email"/>
            <value value="info@jembi.org"/>
          </telecom>
        </contact>
        <description value="Used by the observation to indicate that a HIV test was performed."/>
        <jurisdiction>
          <coding>
            <system value="http://unstats.un.org/unsd/methods/m49/m49.htm"/>
            <code value="001"/>
          </coding>
        </jurisdiction>
        <expansion>
          <identifier value="urn:uuid:a46e800f-cd6f-47cd-948b-7b0bfe877234"/>
          <timestamp value="2023-02-23T12:52:31+00:00"/>
          <total value="1"/>
          <parameter>
            <name value="excludeNested"/>
            <valueBoolean value="false"/>
          </parameter>
          <parameter>
            <name value="limitedExpansion"/>
            <valueBoolean value="true"/>
          </parameter>
          <parameter>
            <name value="version"/>
            <valueUri value="http://snomed.info/sct|http://snomed.info/sct/900000000000207008/version/20220731"/>
          </parameter>
          <contains>
            <system value="http://snomed.info/sct"/>
            <code value="315124004"/>
            <display value="Human immunodeficiency virus viral load (procedure)"/>
          </contains>
        </expansion>
      </ValueSet>
    </resource>
  </entry>
  <entry>
    <fullUrl value="http://openhie.org/fhir/hiv-cbs/ValueSet/vs-hiv-recency-status"/>
    <resource>
      <ValueSet>
        <id value="vs-hiv-recency-status"/>
        <text>
          <status value="generated"/>
          <div xmlns="http://www.w3.org/1999/xhtml">
            <p>This value set contains 2 concepts</p>
            <p style="border: black 1px dotted; background-color: #EEEEEE; padding: 8px; margin-bottom: 8px">Expansion based on SNOMED CT International edition 31-Jul 2022</p>
            <table class="codes">
              <tr>
                <td style="white-space:nowrap">
                  <b>Code</b>
                </td>
                <td>
                  <b>System</b>
                </td>
                <td>
                  <b>Display</b>
                </td>
              </tr>
              <tr>
                <td style="white-space:nowrap">
                  <a name="http---snomed.info-sct-6493001"> </a>  
                  <a href="http://snomed.info/id/6493001">6493001</a>
                </td>
                <td>http://snomed.info/sct</td>
                <td>Recent (qualifier value)</td>
              </tr>
              <tr>
                <td style="white-space:nowrap">
                  <a name="http---snomed.info-sct-307294006"> </a>  
                  <a href="http://snomed.info/id/307294006">307294006</a>
                </td>
                <td>http://snomed.info/sct</td>
                <td>Personal history finding (finding)</td>
              </tr>
            </table>
          </div>
        </text>
        <url value="http://openhie.org/fhir/hiv-cbs/ValueSet/vs-hiv-recency-status"/>
        <version value="0.2.0"/>
        <name value="VSHIVRecencyStatus"/>
        <title value="HIV Recency Testing Status"/>
        <status value="active"/>
        <experimental value="false"/>
        <date value="2023-02-23T12:51:52+00:00"/>
        <publisher value="Jembi Health Systems"/>
        <contact>
          <telecom>
            <system value="url"/>
            <value value="https://www.jembi.org"/>
          </telecom>
          <telecom>
            <system value="email"/>
            <value value="info@jembi.org"/>
          </telecom>
        </contact>
        <description value="A list of HIV recency statuses"/>
        <jurisdiction>
          <coding>
            <system value="http://unstats.un.org/unsd/methods/m49/m49.htm"/>
            <code value="001"/>
          </coding>
        </jurisdiction>
        <expansion>
          <identifier value="urn:uuid:f6b5582e-ea8a-4e20-8916-57de3ea9ca29"/>
          <timestamp value="2023-02-23T12:52:33+00:00"/>
          <total value="2"/>
          <parameter>
            <name value="excludeNested"/>
            <valueBoolean value="false"/>
          </parameter>
          <parameter>
            <name value="limitedExpansion"/>
            <valueBoolean value="true"/>
          </parameter>
          <parameter>
            <name value="version"/>
            <valueUri value="http://snomed.info/sct|http://snomed.info/sct/900000000000207008/version/20220731"/>
          </parameter>
          <contains>
            <system value="http://snomed.info/sct"/>
            <code value="6493001"/>
            <display value="Recent (qualifier value)"/>
          </contains>
          <contains>
            <system value="http://snomed.info/sct"/>
            <code value="307294006"/>
            <display value="Personal history finding (finding)"/>
          </contains>
        </expansion>
      </ValueSet>
    </resource>
  </entry>
  <entry>
    <fullUrl value="http://openhie.org/fhir/hiv-cbs/ValueSet/vs-patient-enrollment-type"/>
    <resource>
      <ValueSet>
        <id value="vs-patient-enrollment-type"/>
        <text>
          <status value="generated"/>
          <div xmlns="http://www.w3.org/1999/xhtml">
            <p>This value set contains 4 concepts</p>
            <div style="border: black 1px dotted; background-color: #EEEEEE; padding: 8px; margin-bottom: 8px">
              <p>Expansion based on: </p>
              <ul>
                <li>Loinc v2.73</li>
                <li>SNOMED CT International edition 31-Jul 2022</li>
              </ul>
            </div>
            <table class="codes">
              <tr>
                <td style="white-space:nowrap">
                  <b>Code</b>
                </td>
                <td>
                  <b>System</b>
                </td>
                <td>
                  <b>Display</b>
                </td>
              </tr>
              <tr>
                <td style="white-space:nowrap">
                  <a name="http---snomed.info-sct-185387006"> </a>  
                  <a href="http://snomed.info/id/185387006">185387006</a>
                </td>
                <td>http://snomed.info/sct</td>
                <td>New patient consultation (procedure)</td>
              </tr>
              <tr>
                <td style="white-space:nowrap">
                  <a name="http---snomed.info-sct-309037001"> </a>  
                  <a href="http://snomed.info/id/309037001">309037001</a>
                </td>
                <td>http://snomed.info/sct</td>
                <td>Transfer status (finding)</td>
              </tr>
              <tr>
                <td style="white-space:nowrap">
                  <a name="http---snomed.info-sct-182837001"> </a>  
                  <a href="http://snomed.info/id/182837001">182837001</a>
                </td>
                <td>http://snomed.info/sct</td>
                <td>Restart of medication (procedure)</td>
              </tr>
              <tr>
                <td style="white-space:nowrap">
                  <a name="http---loinc.org-LA6505-7"> </a>  
                  <a href="https://loinc.org/LA6505-7/">LA6505-7</a>
                </td>
                <td>http://loinc.org</td>
                <td>PMTCT</td>
              </tr>
            </table>
          </div>
        </text>
        <url value="http://openhie.org/fhir/hiv-cbs/ValueSet/vs-patient-enrollment-type"/>
        <version value="0.2.0"/>
        <name value="VSPatientEnrollmentType"/>
        <title value="Patient Type at Enrolment"/>
        <status value="active"/>
        <experimental value="false"/>
        <date value="2023-02-23T12:51:52+00:00"/>
        <publisher value="Jembi Health Systems"/>
        <contact>
          <telecom>
            <system value="url"/>
            <value value="https://www.jembi.org"/>
          </telecom>
          <telecom>
            <system value="email"/>
            <value value="info@jembi.org"/>
          </telecom>
        </contact>
        <description value="A list of Patient Types at Enrolment"/>
        <jurisdiction>
          <coding>
            <system value="http://unstats.un.org/unsd/methods/m49/m49.htm"/>
            <code value="001"/>
          </coding>
        </jurisdiction>
        <expansion>
          <identifier value="urn:uuid:e161e256-40fe-4280-bd01-288a59e98137"/>
          <timestamp value="2023-02-23T12:52:33+00:00"/>
          <total value="4"/>
          <parameter>
            <name value="excludeNested"/>
            <valueBoolean value="false"/>
          </parameter>
          <parameter>
            <name value="limitedExpansion"/>
            <valueBoolean value="true"/>
          </parameter>
          <parameter>
            <name value="version"/>
            <valueUri value="http://snomed.info/sct|http://snomed.info/sct/900000000000207008/version/20220731"/>
          </parameter>
          <parameter>
            <name value="excludeNested"/>
            <valueBoolean value="true"/>
          </parameter>
          <parameter>
            <name value="version"/>
            <valueUri value="http://loinc.org|2.73"/>
          </parameter>
          <contains>
            <system value="http://snomed.info/sct"/>
            <code value="185387006"/>
            <display value="New patient consultation (procedure)"/>
          </contains>
          <contains>
            <system value="http://snomed.info/sct"/>
            <code value="309037001"/>
            <display value="Transfer status (finding)"/>
          </contains>
          <contains>
            <system value="http://snomed.info/sct"/>
            <code value="182837001"/>
            <display value="Restart of medication (procedure)"/>
          </contains>
          <contains>
            <system value="http://loinc.org"/>
            <code value="LA6505-7"/>
            <display value="PMTCT"/>
          </contains>
        </expansion>
      </ValueSet>
    </resource>
  </entry>
  <entry>
    <fullUrl value="http://openhie.org/fhir/hiv-cbs/ValueSet/vs-vl-suppression"/>
    <resource>
      <ValueSet>
        <id value="vs-vl-suppression"/>
        <text>
          <status value="generated"/>
          <div xmlns="http://www.w3.org/1999/xhtml">
            <p>This value set contains 3 concepts</p>
            <p style="border: black 1px dotted; background-color: #EEEEEE; padding: 8px; margin-bottom: 8px">Expansion based on SNOMED CT International edition 31-Jul 2022</p>
            <table class="codes">
              <tr>
                <td style="white-space:nowrap">
                  <b>Code</b>
                </td>
                <td>
                  <b>System</b>
                </td>
                <td>
                  <b>Display</b>
                </td>
              </tr>
              <tr>
                <td style="white-space:nowrap">
                  <a name="http---snomed.info-sct-245780008"> </a>  
                  <a href="http://snomed.info/id/245780008">245780008</a>
                </td>
                <td>http://snomed.info/sct</td>
                <td>Suppressed (qualifier value)</td>
              </tr>
              <tr>
                <td style="white-space:nowrap">
                  <a name="http---snomed.info-sct-19032002"> </a>  
                  <a href="http://snomed.info/id/19032002">19032002</a>
                </td>
                <td>http://snomed.info/sct</td>
                <td>Uncontrolled (qualifier value)</td>
              </tr>
              <tr>
                <td style="white-space:nowrap">
                  <a name="http---snomed.info-sct-261665006"> </a>  
                  <a href="http://snomed.info/id/261665006">261665006</a>
                </td>
                <td>http://snomed.info/sct</td>
                <td>Unknown (qualifier value)</td>
              </tr>
            </table>
          </div>
        </text>
        <url value="http://openhie.org/fhir/hiv-cbs/ValueSet/vs-vl-suppression"/>
        <version value="0.2.0"/>
        <name value="VSVLSuppression"/>
        <title value="Viral Load Suppressions Status"/>
        <status value="active"/>
        <experimental value="false"/>
        <date value="2023-02-23T12:51:52+00:00"/>
        <publisher value="Jembi Health Systems"/>
        <contact>
          <telecom>
            <system value="url"/>
            <value value="https://www.jembi.org"/>
          </telecom>
          <telecom>
            <system value="email"/>
            <value value="info@jembi.org"/>
          </telecom>
        </contact>
        <description value="Describes a patient's current viral load status."/>
        <jurisdiction>
          <coding>
            <system value="http://unstats.un.org/unsd/methods/m49/m49.htm"/>
            <code value="001"/>
          </coding>
        </jurisdiction>
        <expansion>
          <identifier value="urn:uuid:aea94de3-43cd-4345-9acb-5990a6343ff3"/>
          <timestamp value="2023-02-23T12:52:33+00:00"/>
          <total value="3"/>
          <parameter>
            <name value="excludeNested"/>
            <valueBoolean value="false"/>
          </parameter>
          <parameter>
            <name value="limitedExpansion"/>
            <valueBoolean value="true"/>
          </parameter>
          <parameter>
            <name value="version"/>
            <valueUri value="http://snomed.info/sct|http://snomed.info/sct/900000000000207008/version/20220731"/>
          </parameter>
          <contains>
            <system value="http://snomed.info/sct"/>
            <code value="245780008"/>
            <display value="Suppressed (qualifier value)"/>
          </contains>
          <contains>
            <system value="http://snomed.info/sct"/>
            <code value="19032002"/>
            <display value="Uncontrolled (qualifier value)"/>
          </contains>
          <contains>
            <system value="http://snomed.info/sct"/>
            <code value="261665006"/>
            <display value="Unknown (qualifier value)"/>
          </contains>
        </expansion>
      </ValueSet>
    </resource>
  </entry>
  <entry>
    <fullUrl value="http://openhie.org/fhir/hiv-cbs/ValueSet/vs-careplan-outcome"/>
    <resource>
      <ValueSet>
        <id value="vs-careplan-outcome"/>
        <text>
          <status value="generated"/>
          <div xmlns="http://www.w3.org/1999/xhtml">
            <p>This value set contains 1 concepts</p>
            <p style="border: black 1px dotted; background-color: #EEEEEE; padding: 8px; margin-bottom: 8px">Expansion based on SNOMED CT International edition 31-Jul 2022</p>
            <table class="codes">
              <tr>
                <td style="white-space:nowrap">
                  <b>Code</b>
                </td>
                <td>
                  <b>System</b>
                </td>
                <td>
                  <b>Display</b>
                </td>
              </tr>
              <tr>
                <td style="white-space:nowrap">
                  <a name="http---snomed.info-sct-105480006"> </a>  
                  <a href="http://snomed.info/id/105480006">105480006</a>
                </td>
                <td>http://snomed.info/sct</td>
                <td>Procedure declined by patient (situation)</td>
              </tr>
            </table>
          </div>
        </text>
        <url value="http://openhie.org/fhir/hiv-cbs/ValueSet/vs-careplan-outcome"/>
        <version value="0.2.0"/>
        <name value="VSCarePlanActivityOutcome"/>
        <title value="ARV treatment outcomes"/>
        <status value="active"/>
        <experimental value="false"/>
        <date value="2023-02-23T12:51:52+00:00"/>
        <publisher value="Jembi Health Systems"/>
        <contact>
          <telecom>
            <system value="url"/>
            <value value="https://www.jembi.org"/>
          </telecom>
          <telecom>
            <system value="email"/>
            <value value="info@jembi.org"/>
          </telecom>
        </contact>
        <description value="A list of possible ARV treatment outcomes."/>
        <jurisdiction>
          <coding>
            <system value="http://unstats.un.org/unsd/methods/m49/m49.htm"/>
            <code value="001"/>
          </coding>
        </jurisdiction>
        <expansion>
          <identifier value="urn:uuid:9e174357-3d3a-43b5-b7cf-4f09f542cb7b"/>
          <timestamp value="2023-02-23T12:52:38+00:00"/>
          <total value="1"/>
          <parameter>
            <name value="excludeNested"/>
            <valueBoolean value="false"/>
          </parameter>
          <parameter>
            <name value="limitedExpansion"/>
            <valueBoolean value="true"/>
          </parameter>
          <parameter>
            <name value="version"/>
            <valueUri value="http://snomed.info/sct|http://snomed.info/sct/900000000000207008/version/20220731"/>
          </parameter>
          <contains>
            <system value="http://snomed.info/sct"/>
            <code value="105480006"/>
            <display value="Procedure declined by patient (situation)"/>
          </contains>
        </expansion>
      </ValueSet>
    </resource>
  </entry>
  <entry>
    <fullUrl value="http://openhie.org/fhir/hiv-cbs/ValueSet/vs-reason-for-assessment-or-test-not-performed"/>
    <resource>
      <ValueSet>
        <id value="vs-reason-for-assessment-or-test-not-performed"/>
        <text>
          <status value="generated"/>
          <div xmlns="http://www.w3.org/1999/xhtml">
            <p>This value set contains 15 concepts</p>
            <p style="border: black 1px dotted; background-color: #EEEEEE; padding: 8px; margin-bottom: 8px">Expansion based on SNOMED CT International edition 31-Jul 2022</p>
            <table class="codes">
              <tr>
                <td style="white-space:nowrap">
                  <b>Code</b>
                </td>
                <td>
                  <b>System</b>
                </td>
                <td>
                  <b>Display</b>
                </td>
              </tr>
              <tr>
                <td style="white-space:nowrap">
                  <a name="http---snomed.info-sct-77386006"> </a>  
                  <a href="http://snomed.info/id/77386006">77386006</a>
                </td>
                <td>http://snomed.info/sct</td>
                <td>Currently pregnant</td>
              </tr>
              <tr>
                <td style="white-space:nowrap">
                  <a name="http---snomed.info-sct-428450006"> </a>  
                  <a href="http://snomed.info/id/428450006">428450006</a>
                </td>
                <td>http://snomed.info/sct</td>
                <td>Repeat</td>
              </tr>
              <tr>
                <td style="white-space:nowrap">
                  <a name="http---snomed.info-sct-171111007"> </a>  
                  <a href="http://snomed.info/id/171111007">171111007</a>
                </td>
                <td>http://snomed.info/sct</td>
                <td>Results not available</td>
              </tr>
              <tr>
                <td style="white-space:nowrap">
                  <a name="http---snomed.info-sct-266721009"> </a>  
                  <a href="http://snomed.info/id/266721009">266721009</a>
                </td>
                <td>http://snomed.info/sct</td>
                <td>Absent response to treatment</td>
              </tr>
              <tr>
                <td style="white-space:nowrap">
                  <a name="http---snomed.info-sct-170564007"> </a>  
                  <a href="http://snomed.info/id/170564007">170564007</a>
                </td>
                <td>http://snomed.info/sct</td>
                <td>Chronic disease - treatment changed (finding)</td>
              </tr>
              <tr>
                <td style="white-space:nowrap">
                  <a name="http---snomed.info-sct-413712001"> </a>  
                  <a href="http://snomed.info/id/413712001">413712001</a>
                </td>
                <td>http://snomed.info/sct</td>
                <td>Breastfeeding (mother) (observable entity)</td>
              </tr>
              <tr>
                <td style="white-space:nowrap">
                  <a name="http---snomed.info-sct-315124004"> </a>  
                  <a href="http://snomed.info/id/315124004">315124004</a>
                </td>
                <td>http://snomed.info/sct</td>
                <td>Baseline Viral Load / Routine Viral Load</td>
              </tr>
              <tr>
                <td style="white-space:nowrap">
                  <a name="http---snomed.info-sct-2528003"> </a>  
                  <a href="http://snomed.info/id/2528003">2528003</a>
                </td>
                <td>http://snomed.info/sct</td>
                <td>Persistent low-Level viraemia</td>
              </tr>
              <tr>
                <td style="white-space:nowrap">
                  <a name="http---snomed.info-sct-441510007"> </a>  
                  <a href="http://snomed.info/id/441510007">441510007</a>
                </td>
                <td>http://snomed.info/sct</td>
                <td>Blood sample coagulated</td>
              </tr>
              <tr>
                <td style="white-space:nowrap">
                  <a name="http---snomed.info-sct-123840003"> </a>  
                  <a href="http://snomed.info/id/123840003">123840003</a>
                </td>
                <td>http://snomed.info/sct</td>
                <td>Contaminated specimen</td>
              </tr>
              <tr>
                <td style="white-space:nowrap">
                  <a name="http---snomed.info-sct-397933008"> </a>  
                  <a href="http://snomed.info/id/397933008">397933008</a>
                </td>
                <td>http://snomed.info/sct</td>
                <td>Equipment failure</td>
              </tr>
              <tr>
                <td style="white-space:nowrap">
                  <a name="http---snomed.info-sct-281264009"> </a>  
                  <a href="http://snomed.info/id/281264009">281264009</a>
                </td>
                <td>http://snomed.info/sct</td>
                <td>Inappropriate sample container used</td>
              </tr>
              <tr>
                <td style="white-space:nowrap">
                  <a name="http---snomed.info-sct-281268007"> </a>  
                  <a href="http://snomed.info/id/281268007">281268007</a>
                </td>
                <td>http://snomed.info/sct</td>
                <td>Insufficient sample</td>
              </tr>
              <tr>
                <td style="white-space:nowrap">
                  <a name="http---snomed.info-sct-281265005"> </a>  
                  <a href="http://snomed.info/id/281265005">281265005</a>
                </td>
                <td>http://snomed.info/sct</td>
                <td>Specimen not labeled</td>
              </tr>
              <tr>
                <td style="white-space:nowrap">
                  <a name="http---snomed.info-sct-419182006"> </a>  
                  <a href="http://snomed.info/id/419182006">419182006</a>
                </td>
                <td>http://snomed.info/sct</td>
                <td>Supplies not available</td>
              </tr>
            </table>
          </div>
        </text>
        <url value="http://openhie.org/fhir/hiv-cbs/ValueSet/vs-reason-for-assessment-or-test-not-performed"/>
        <version value="0.2.0"/>
        <name value="VSReasonForAssessmentOrTestNotPerformed"/>
        <title value="Reason for Assessment or Test Not Performed"/>
        <status value="active"/>
        <experimental value="false"/>
        <date value="2023-02-23T12:51:52+00:00"/>
        <publisher value="Jembi Health Systems"/>
        <contact>
          <telecom>
            <system value="url"/>
            <value value="https://www.jembi.org"/>
          </telecom>
          <telecom>
            <system value="email"/>
            <value value="info@jembi.org"/>
          </telecom>
        </contact>
        <description value="A list of reasons associated with the service request for the lab order."/>
        <jurisdiction>
          <coding>
            <system value="http://unstats.un.org/unsd/methods/m49/m49.htm"/>
            <code value="001"/>
          </coding>
        </jurisdiction>
        <expansion>
          <identifier value="urn:uuid:1efd0f49-06dc-4591-a82b-8506a25557cc"/>
          <timestamp value="2023-02-23T12:52:38+00:00"/>
          <total value="15"/>
          <parameter>
            <name value="excludeNested"/>
            <valueBoolean value="false"/>
          </parameter>
          <parameter>
            <name value="limitedExpansion"/>
            <valueBoolean value="true"/>
          </parameter>
          <parameter>
            <name value="version"/>
            <valueUri value="http://snomed.info/sct|http://snomed.info/sct/900000000000207008/version/20220731"/>
          </parameter>
          <contains>
            <system value="http://snomed.info/sct"/>
            <code value="77386006"/>
            <display value="Currently pregnant"/>
          </contains>
          <contains>
            <system value="http://snomed.info/sct"/>
            <code value="428450006"/>
            <display value="Repeat"/>
          </contains>
          <contains>
            <system value="http://snomed.info/sct"/>
            <code value="171111007"/>
            <display value="Results not available"/>
          </contains>
          <contains>
            <system value="http://snomed.info/sct"/>
            <code value="266721009"/>
            <display value="Absent response to treatment"/>
          </contains>
          <contains>
            <system value="http://snomed.info/sct"/>
            <code value="170564007"/>
            <display value="Chronic disease - treatment changed (finding)"/>
          </contains>
          <contains>
            <system value="http://snomed.info/sct"/>
            <code value="413712001"/>
            <display value="Breastfeeding (mother) (observable entity)"/>
          </contains>
          <contains>
            <system value="http://snomed.info/sct"/>
            <code value="315124004"/>
            <display value="Baseline Viral Load / Routine Viral Load"/>
          </contains>
          <contains>
            <system value="http://snomed.info/sct"/>
            <code value="2528003"/>
            <display value="Persistent low-Level viraemia"/>
          </contains>
          <contains>
            <system value="http://snomed.info/sct"/>
            <code value="441510007"/>
            <display value="Blood sample coagulated"/>
          </contains>
          <contains>
            <system value="http://snomed.info/sct"/>
            <code value="123840003"/>
            <display value="Contaminated specimen"/>
          </contains>
          <contains>
            <system value="http://snomed.info/sct"/>
            <code value="397933008"/>
            <display value="Equipment failure"/>
          </contains>
          <contains>
            <system value="http://snomed.info/sct"/>
            <code value="281264009"/>
            <display value="Inappropriate sample container used"/>
          </contains>
          <contains>
            <system value="http://snomed.info/sct"/>
            <code value="281268007"/>
            <display value="Insufficient sample"/>
          </contains>
          <contains>
            <system value="http://snomed.info/sct"/>
            <code value="281265005"/>
            <display value="Specimen not labeled"/>
          </contains>
          <contains>
            <system value="http://snomed.info/sct"/>
            <code value="419182006"/>
            <display value="Supplies not available"/>
          </contains>
        </expansion>
      </ValueSet>
    </resource>
  </entry>
  <entry>
    <fullUrl value="http://openhie.org/fhir/hiv-cbs/ValueSet/vs-condition"/>
    <resource>
      <ValueSet>
        <id value="vs-condition"/>
        <text>
          <status value="generated"/>
          <div xmlns="http://www.w3.org/1999/xhtml">
            <p>This value set contains 1 concepts</p>
            <p style="border: black 1px dotted; background-color: #EEEEEE; padding: 8px; margin-bottom: 8px">Expansion based on SNOMED CT International edition 31-Jul 2022</p>
            <table class="codes">
              <tr>
                <td style="white-space:nowrap">
                  <b>Code</b>
                </td>
                <td>
                  <b>System</b>
                </td>
                <td>
                  <b>Display</b>
                </td>
              </tr>
              <tr>
                <td style="white-space:nowrap">
                  <a name="http---snomed.info-sct-86406008"> </a>  
                  <a href="http://snomed.info/id/86406008">86406008</a>
                </td>
                <td>http://snomed.info/sct</td>
                <td>Human immunodeficiency virus infection (disorder)</td>
              </tr>
            </table>
          </div>
        </text>
        <url value="http://openhie.org/fhir/hiv-cbs/ValueSet/vs-condition"/>
        <version value="0.2.0"/>
        <name value="VSCondition"/>
        <title value="Conditions"/>
        <status value="active"/>
        <experimental value="false"/>
        <date value="2023-02-23T12:51:52+00:00"/>
        <publisher value="Jembi Health Systems"/>
        <contact>
          <telecom>
            <system value="url"/>
            <value value="https://www.jembi.org"/>
          </telecom>
          <telecom>
            <system value="email"/>
            <value value="info@jembi.org"/>
          </telecom>
        </contact>
        <description value="A list of possible HIV conditions."/>
        <jurisdiction>
          <coding>
            <system value="http://unstats.un.org/unsd/methods/m49/m49.htm"/>
            <code value="001"/>
          </coding>
        </jurisdiction>
        <expansion>
          <identifier value="urn:uuid:750d39ef-ff44-421d-9650-7a69701811cf"/>
          <timestamp value="2023-02-23T12:52:39+00:00"/>
          <total value="1"/>
          <parameter>
            <name value="excludeNested"/>
            <valueBoolean value="false"/>
          </parameter>
          <parameter>
            <name value="limitedExpansion"/>
            <valueBoolean value="true"/>
          </parameter>
          <parameter>
            <name value="version"/>
            <valueUri value="http://snomed.info/sct|http://snomed.info/sct/900000000000207008/version/20220731"/>
          </parameter>
          <contains>
            <system value="http://snomed.info/sct"/>
            <code value="86406008"/>
            <display value="Human immunodeficiency virus infection (disorder)"/>
          </contains>
        </expansion>
      </ValueSet>
    </resource>
  </entry>
  <entry>
    <fullUrl value="http://openhie.org/fhir/hiv-cbs/ValueSet/vs-yes-no"/>
    <resource>
      <ValueSet>
        <id value="vs-yes-no"/>
        <text>
          <status value="generated"/>
          <div xmlns="http://www.w3.org/1999/xhtml">
            <p>This value set contains 3 concepts</p>
            <p style="border: black 1px dotted; background-color: #EEEEEE; padding: 8px; margin-bottom: 8px">Expansion based on SNOMED CT International edition 31-Jul 2022</p>
            <table class="codes">
              <tr>
                <td style="white-space:nowrap">
                  <b>Code</b>
                </td>
                <td>
                  <b>System</b>
                </td>
                <td>
                  <b>Display</b>
                </td>
              </tr>
              <tr>
                <td style="white-space:nowrap">
                  <a name="http---snomed.info-sct-373066001"> </a>  
                  <a href="http://snomed.info/id/373066001">373066001</a>
                </td>
                <td>http://snomed.info/sct</td>
                <td>Yes</td>
              </tr>
              <tr>
                <td style="white-space:nowrap">
                  <a name="http---snomed.info-sct-373067005"> </a>  
                  <a href="http://snomed.info/id/373067005">373067005</a>
                </td>
                <td>http://snomed.info/sct</td>
                <td>No</td>
              </tr>
              <tr>
                <td style="white-space:nowrap">
                  <a name="http---snomed.info-sct-261665006"> </a>  
                  <a href="http://snomed.info/id/261665006">261665006</a>
                </td>
                <td>http://snomed.info/sct</td>
                <td>Unknown</td>
              </tr>
            </table>
          </div>
        </text>
        <url value="http://openhie.org/fhir/hiv-cbs/ValueSet/vs-yes-no"/>
        <version value="0.2.0"/>
        <name value="VSYesNoUnknown"/>
        <title value="Yes No Unknown"/>
        <status value="active"/>
        <experimental value="false"/>
        <date value="2023-02-23T12:51:52+00:00"/>
        <publisher value="Jembi Health Systems"/>
        <contact>
          <telecom>
            <system value="url"/>
            <value value="https://www.jembi.org"/>
          </telecom>
          <telecom>
            <system value="email"/>
            <value value="info@jembi.org"/>
          </telecom>
        </contact>
        <description value="A list of options used to provide an answer"/>
        <jurisdiction>
          <coding>
            <system value="http://unstats.un.org/unsd/methods/m49/m49.htm"/>
            <code value="001"/>
          </coding>
        </jurisdiction>
        <expansion>
          <identifier value="urn:uuid:31317dfa-d4bc-44b9-9ad3-10978bccb24c"/>
          <timestamp value="2023-02-23T12:52:41+00:00"/>
          <total value="3"/>
          <parameter>
            <name value="excludeNested"/>
            <valueBoolean value="false"/>
          </parameter>
          <parameter>
            <name value="limitedExpansion"/>
            <valueBoolean value="true"/>
          </parameter>
          <parameter>
            <name value="version"/>
            <valueUri value="http://snomed.info/sct|http://snomed.info/sct/900000000000207008/version/20220731"/>
          </parameter>
          <contains>
            <system value="http://snomed.info/sct"/>
            <code value="373066001"/>
            <display value="Yes"/>
          </contains>
          <contains>
            <system value="http://snomed.info/sct"/>
            <code value="373067005"/>
            <display value="No"/>
          </contains>
          <contains>
            <system value="http://snomed.info/sct"/>
            <code value="261665006"/>
            <display value="Unknown"/>
          </contains>
        </expansion>
      </ValueSet>
    </resource>
  </entry>
  <entry>
    <fullUrl value="http://openhie.org/fhir/hiv-cbs/ValueSet/vs-hiv-recency-test"/>
    <resource>
      <ValueSet>
        <id value="vs-hiv-recency-test"/>
        <text>
          <status value="generated"/>
          <div xmlns="http://www.w3.org/1999/xhtml">
            <p>This value set contains 1 concepts</p>
            <p style="border: black 1px dotted; background-color: #EEEEEE; padding: 8px; margin-bottom: 8px">Expansion based on SNOMED CT International edition 31-Jul 2022</p>
            <table class="codes">
              <tr>
                <td style="white-space:nowrap">
                  <b>Code</b>
                </td>
                <td>
                  <b>System</b>
                </td>
                <td>
                  <b>Display</b>
                </td>
              </tr>
              <tr>
                <td style="white-space:nowrap">
                  <a name="http---snomed.info-sct-409788009"> </a>  
                  <a href="http://snomed.info/id/409788009">409788009</a>
                </td>
                <td>http://snomed.info/sct</td>
                <td>Rapid human immunodeficiency virus type 1 antibody test (procedure)</td>
              </tr>
            </table>
          </div>
        </text>
        <url value="http://openhie.org/fhir/hiv-cbs/ValueSet/vs-hiv-recency-test"/>
        <version value="0.2.0"/>
        <name value="VSHIVRecencyTest"/>
        <title value="Recency HIV Test"/>
        <status value="active"/>
        <experimental value="false"/>
        <date value="2023-02-23T12:51:52+00:00"/>
        <publisher value="Jembi Health Systems"/>
        <contact>
          <telecom>
            <system value="url"/>
            <value value="https://www.jembi.org"/>
          </telecom>
          <telecom>
            <system value="email"/>
            <value value="info@jembi.org"/>
          </telecom>
        </contact>
        <description value="Used by the observation to indicate that a HIV recency test was performed."/>
        <jurisdiction>
          <coding>
            <system value="http://unstats.un.org/unsd/methods/m49/m49.htm"/>
            <code value="001"/>
          </coding>
        </jurisdiction>
        <expansion>
          <identifier value="urn:uuid:7427e1ce-b66b-4bce-bba5-3cbd94517f98"/>
          <timestamp value="2023-02-23T12:52:41+00:00"/>
          <total value="1"/>
          <parameter>
            <name value="excludeNested"/>
            <valueBoolean value="false"/>
          </parameter>
          <parameter>
            <name value="limitedExpansion"/>
            <valueBoolean value="true"/>
          </parameter>
          <parameter>
            <name value="version"/>
            <valueUri value="http://snomed.info/sct|http://snomed.info/sct/900000000000207008/version/20220731"/>
          </parameter>
          <contains>
            <system value="http://snomed.info/sct"/>
            <code value="409788009"/>
            <display value="Rapid human immunodeficiency virus type 1 antibody test (procedure)"/>
          </contains>
        </expansion>
      </ValueSet>
    </resource>
  </entry>
  <entry>
    <fullUrl value="http://openhie.org/fhir/hiv-cbs/ValueSet/vs-hiv-death"/>
    <resource>
      <ValueSet>
        <id value="vs-hiv-death"/>
        <text>
          <status value="generated"/>
          <div xmlns="http://www.w3.org/1999/xhtml">
            <p>This value set contains 1 concepts</p>
            <p style="border: black 1px dotted; background-color: #EEEEEE; padding: 8px; margin-bottom: 8px">Expansion based on SNOMED CT International edition 31-Jul 2022</p>
            <table class="codes">
              <tr>
                <td style="white-space:nowrap">
                  <b>Code</b>
                </td>
                <td>
                  <b>System</b>
                </td>
                <td>
                  <b>Display</b>
                </td>
              </tr>
              <tr>
                <td style="white-space:nowrap">
                  <a name="http---snomed.info-sct-419099009"> </a>  
                  <a href="http://snomed.info/id/419099009">419099009</a>
                </td>
                <td>http://snomed.info/sct</td>
                <td>Dead (finding)</td>
              </tr>
            </table>
          </div>
        </text>
        <url value="http://openhie.org/fhir/hiv-cbs/ValueSet/vs-hiv-death"/>
        <version value="0.2.0"/>
        <name value="VSHIVDeath"/>
        <title value="Death"/>
        <status value="active"/>
        <experimental value="false"/>
        <date value="2023-02-23T12:51:52+00:00"/>
        <publisher value="Jembi Health Systems"/>
        <contact>
          <telecom>
            <system value="url"/>
            <value value="https://www.jembi.org"/>
          </telecom>
          <telecom>
            <system value="email"/>
            <value value="info@jembi.org"/>
          </telecom>
        </contact>
        <description value="A list of possible HIV deaths"/>
        <jurisdiction>
          <coding>
            <system value="http://unstats.un.org/unsd/methods/m49/m49.htm"/>
            <code value="001"/>
          </coding>
        </jurisdiction>
        <expansion>
          <identifier value="urn:uuid:beb8ce80-9ab9-4bbf-b189-ef15072b33c7"/>
          <timestamp value="2023-02-23T12:52:41+00:00"/>
          <total value="1"/>
          <parameter>
            <name value="excludeNested"/>
            <valueBoolean value="false"/>
          </parameter>
          <parameter>
            <name value="limitedExpansion"/>
            <valueBoolean value="true"/>
          </parameter>
          <parameter>
            <name value="version"/>
            <valueUri value="http://snomed.info/sct|http://snomed.info/sct/900000000000207008/version/20220731"/>
          </parameter>
          <contains>
            <system value="http://snomed.info/sct"/>
            <code value="419099009"/>
            <display value="Dead (finding)"/>
          </contains>
        </expansion>
      </ValueSet>
    </resource>
  </entry>
  <entry>
    <fullUrl value="http://openhie.org/fhir/hiv-cbs/ValueSet/vs-test-types"/>
    <resource>
      <ValueSet>
        <id value="vs-test-types"/>
        <text>
          <status value="generated"/>
          <div xmlns="http://www.w3.org/1999/xhtml">
            <p>This value set contains 2 concepts</p>
            <p style="border: black 1px dotted; background-color: #EEEEEE; padding: 8px; margin-bottom: 8px">Expansion based on Loinc v2.73</p>
            <table class="codes">
              <tr>
                <td style="white-space:nowrap">
                  <b>Code</b>
                </td>
                <td>
                  <b>System</b>
                </td>
                <td>
                  <b>Display</b>
                </td>
              </tr>
              <tr>
                <td style="white-space:nowrap">
                  <a name="http---loinc.org-25842-6"> </a>  
                  <a href="https://loinc.org/25842-6/">25842-6</a>
                </td>
                <td>http://loinc.org</td>
                <td>HIV 2 proviral DNA [Presence] in Specimen by NAA with probe detection</td>
              </tr>
              <tr>
                <td style="white-space:nowrap">
                  <a name="http---loinc.org-25836-8"> </a>  
                  <a href="https://loinc.org/25836-8/">25836-8</a>
                </td>
                <td>http://loinc.org</td>
                <td>HIV 1 RNA [#/volume] (viral load) in Specimen by NAA with probe detection</td>
              </tr>
            </table>
          </div>
        </text>
        <url value="http://openhie.org/fhir/hiv-cbs/ValueSet/vs-test-types"/>
        <version value="0.2.0"/>
        <name value="VSTestTypes"/>
        <title value="Test Types"/>
        <status value="active"/>
        <experimental value="false"/>
        <date value="2023-02-23T12:51:52+00:00"/>
        <publisher value="Jembi Health Systems"/>
        <contact>
          <telecom>
            <system value="url"/>
            <value value="https://www.jembi.org"/>
          </telecom>
          <telecom>
            <system value="email"/>
            <value value="info@jembi.org"/>
          </telecom>
        </contact>
        <description value="A list of HIV test types"/>
        <jurisdiction>
          <coding>
            <system value="http://unstats.un.org/unsd/methods/m49/m49.htm"/>
            <code value="001"/>
          </coding>
        </jurisdiction>
        <expansion>
          <identifier value="urn:uuid:2b9cbe1e-2b01-45ee-9923-5361cc5d8677"/>
          <timestamp value="2023-02-23T12:52:41+00:00"/>
          <total value="2"/>
          <parameter>
            <name value="excludeNested"/>
            <valueBoolean value="false"/>
          </parameter>
          <parameter>
            <name value="limitedExpansion"/>
            <valueBoolean value="true"/>
          </parameter>
          <parameter>
            <name value="version"/>
            <valueUri value="http://loinc.org|2.73"/>
          </parameter>
          <contains>
            <system value="http://loinc.org"/>
            <code value="25842-6"/>
            <display value="HIV 2 proviral DNA [Presence] in Specimen by NAA with probe detection"/>
          </contains>
          <contains>
            <system value="http://loinc.org"/>
            <code value="25836-8"/>
            <display value="HIV 1 RNA [#/volume] (viral load) in Specimen by NAA with probe detection"/>
          </contains>
        </expansion>
      </ValueSet>
    </resource>
  </entry>
  <entry>
    <fullUrl value="http://openhie.org/fhir/hiv-cbs/ValueSet/vs-artregimen-lines"/>
    <resource>
      <ValueSet>
        <id value="vs-artregimen-lines"/>
        <text>
          <status value="generated"/>
          <div xmlns="http://www.w3.org/1999/xhtml">
            <p>This value set contains 3 concepts</p>
            <p style="border: black 1px dotted; background-color: #EEEEEE; padding: 8px; margin-bottom: 8px">Expansion based on SNOMED CT International edition 31-Jul 2022</p>
            <table class="codes">
              <tr>
                <td style="white-space:nowrap">
                  <b>Code</b>
                </td>
                <td>
                  <b>System</b>
                </td>
                <td>
                  <b>Display</b>
                </td>
              </tr>
              <tr>
                <td style="white-space:nowrap">
                  <a name="http---snomed.info-sct-708255002"> </a>  
                  <a href="http://snomed.info/id/708255002">708255002</a>
                </td>
                <td>http://snomed.info/sct</td>
                <td>First line treatment (procedure)</td>
              </tr>
              <tr>
                <td style="white-space:nowrap">
                  <a name="http---snomed.info-sct-708256001"> </a>  
                  <a href="http://snomed.info/id/708256001">708256001</a>
                </td>
                <td>http://snomed.info/sct</td>
                <td>Second line treatment (procedure)</td>
              </tr>
              <tr>
                <td style="white-space:nowrap">
                  <a name="http---snomed.info-sct-708257005"> </a>  
                  <a href="http://snomed.info/id/708257005">708257005</a>
                </td>
                <td>http://snomed.info/sct</td>
                <td>Third line treatment (procedure)</td>
              </tr>
            </table>
          </div>
        </text>
        <url value="http://openhie.org/fhir/hiv-cbs/ValueSet/vs-artregimen-lines"/>
        <version value="0.2.0"/>
        <name value="VSARTRegimenLines"/>
        <title value="ART Regimen Lines"/>
        <status value="active"/>
        <experimental value="false"/>
        <date value="2023-02-23T12:51:52+00:00"/>
        <publisher value="Jembi Health Systems"/>
        <contact>
          <telecom>
            <system value="url"/>
            <value value="https://www.jembi.org"/>
          </telecom>
          <telecom>
            <system value="email"/>
            <value value="info@jembi.org"/>
          </telecom>
        </contact>
        <description value="A list of ART regimen therapeutic lines."/>
        <jurisdiction>
          <coding>
            <system value="http://unstats.un.org/unsd/methods/m49/m49.htm"/>
            <code value="001"/>
          </coding>
        </jurisdiction>
        <expansion>
          <identifier value="urn:uuid:b4ae54bb-b2ec-486f-b7b9-63d83ede3c72"/>
          <timestamp value="2023-02-23T12:52:41+00:00"/>
          <total value="3"/>
          <parameter>
            <name value="excludeNested"/>
            <valueBoolean value="false"/>
          </parameter>
          <parameter>
            <name value="limitedExpansion"/>
            <valueBoolean value="true"/>
          </parameter>
          <parameter>
            <name value="version"/>
            <valueUri value="http://snomed.info/sct|http://snomed.info/sct/900000000000207008/version/20220731"/>
          </parameter>
          <contains>
            <system value="http://snomed.info/sct"/>
            <code value="708255002"/>
            <display value="First line treatment (procedure)"/>
          </contains>
          <contains>
            <system value="http://snomed.info/sct"/>
            <code value="708256001"/>
            <display value="Second line treatment (procedure)"/>
          </contains>
          <contains>
            <system value="http://snomed.info/sct"/>
            <code value="708257005"/>
            <display value="Third line treatment (procedure)"/>
          </contains>
        </expansion>
      </ValueSet>
    </resource>
  </entry>
  <entry>
    <fullUrl value="http://openhie.org/fhir/hiv-cbs/ValueSet/vs-specimen-type"/>
    <resource>
      <ValueSet>
        <id value="vs-specimen-type"/>
        <text>
          <status value="generated"/>
          <div xmlns="http://www.w3.org/1999/xhtml">
            <p>This value set contains 5 concepts</p>
            <p style="border: black 1px dotted; background-color: #EEEEEE; padding: 8px; margin-bottom: 8px">Expansion based on SNOMED CT International edition 31-Jul 2022</p>
            <table class="codes">
              <tr>
                <td style="white-space:nowrap">
                  <b>Code</b>
                </td>
                <td>
                  <b>System</b>
                </td>
                <td>
                  <b>Display</b>
                </td>
              </tr>
              <tr>
                <td style="white-space:nowrap">
                  <a name="http---snomed.info-sct-119361006"> </a>  
                  <a href="http://snomed.info/id/119361006">119361006</a>
                </td>
                <td>http://snomed.info/sct</td>
                <td>Plasma specimen (specimen)</td>
              </tr>
              <tr>
                <td style="white-space:nowrap">
                  <a name="http---snomed.info-sct-440500007"> </a>  
                  <a href="http://snomed.info/id/440500007">440500007</a>
                </td>
                <td>http://snomed.info/sct</td>
                <td>Dried blood spot specimen (specimen)</td>
              </tr>
              <tr>
                <td style="white-space:nowrap">
                  <a name="http---snomed.info-sct-441620008"> </a>  
                  <a href="http://snomed.info/id/441620008">441620008</a>
                </td>
                <td>http://snomed.info/sct</td>
                <td>Oral fluid specimen (specimen)</td>
              </tr>
              <tr>
                <td style="white-space:nowrap">
                  <a name="http---snomed.info-sct-258580003"> </a>  
                  <a href="http://snomed.info/id/258580003">258580003</a>
                </td>
                <td>http://snomed.info/sct</td>
                <td>Whole blood specimen (specimen)</td>
              </tr>
              <tr>
                <td style="white-space:nowrap">
                  <a name="http---snomed.info-sct-119364003"> </a>  
                  <a href="http://snomed.info/id/119364003">119364003</a>
                </td>
                <td>http://snomed.info/sct</td>
                <td>Serum specimen (specimen)</td>
              </tr>
            </table>
          </div>
        </text>
        <url value="http://openhie.org/fhir/hiv-cbs/ValueSet/vs-specimen-type"/>
        <version value="0.2.0"/>
        <name value="VSSpecimenType"/>
        <title value="Specimen Type Used In Viral Load testing"/>
        <status value="active"/>
        <experimental value="false"/>
        <date value="2023-02-23T12:51:52+00:00"/>
        <publisher value="Jembi Health Systems"/>
        <contact>
          <telecom>
            <system value="url"/>
            <value value="https://www.jembi.org"/>
          </telecom>
          <telecom>
            <system value="email"/>
            <value value="info@jembi.org"/>
          </telecom>
        </contact>
        <description value="A list of specimen types."/>
        <jurisdiction>
          <coding>
            <system value="http://unstats.un.org/unsd/methods/m49/m49.htm"/>
            <code value="001"/>
          </coding>
        </jurisdiction>
        <expansion>
          <identifier value="urn:uuid:42073724-6891-4386-bea1-e0a84b84ef14"/>
          <timestamp value="2023-02-23T12:52:41+00:00"/>
          <total value="5"/>
          <parameter>
            <name value="excludeNested"/>
            <valueBoolean value="false"/>
          </parameter>
          <parameter>
            <name value="limitedExpansion"/>
            <valueBoolean value="true"/>
          </parameter>
          <parameter>
            <name value="version"/>
            <valueUri value="http://snomed.info/sct|http://snomed.info/sct/900000000000207008/version/20220731"/>
          </parameter>
          <contains>
            <system value="http://snomed.info/sct"/>
            <code value="119361006"/>
            <display value="Plasma specimen (specimen)"/>
          </contains>
          <contains>
            <system value="http://snomed.info/sct"/>
            <code value="440500007"/>
            <display value="Dried blood spot specimen (specimen)"/>
          </contains>
          <contains>
            <system value="http://snomed.info/sct"/>
            <code value="441620008"/>
            <display value="Oral fluid specimen (specimen)"/>
          </contains>
          <contains>
            <system value="http://snomed.info/sct"/>
            <code value="258580003"/>
            <display value="Whole blood specimen (specimen)"/>
          </contains>
          <contains>
            <system value="http://snomed.info/sct"/>
            <code value="119364003"/>
            <display value="Serum specimen (specimen)"/>
          </contains>
        </expansion>
      </ValueSet>
    </resource>
  </entry>
  <entry>
    <fullUrl value="http://openhie.org/fhir/hiv-cbs/ValueSet/vs-vl-result-code"/>
    <resource>
      <ValueSet>
        <id value="vs-vl-result-code"/>
        <text>
          <status value="generated"/>
          <div xmlns="http://www.w3.org/1999/xhtml">
            <p>This value set contains 1 concepts</p>
            <p style="border: black 1px dotted; background-color: #EEEEEE; padding: 8px; margin-bottom: 8px">Expansion based on SNOMED CT International edition 31-Jul 2022</p>
            <table class="codes">
              <tr>
                <td style="white-space:nowrap">
                  <b>Code</b>
                </td>
                <td>
                  <b>System</b>
                </td>
                <td>
                  <b>Display</b>
                </td>
              </tr>
              <tr>
                <td style="white-space:nowrap">
                  <a name="http---snomed.info-sct-398579006"> </a>  
                  <a href="http://snomed.info/id/398579006">398579006</a>
                </td>
                <td>http://snomed.info/sct</td>
                <td>Human immunodeficiency virus-1 nucleic acid assay (procedure)</td>
              </tr>
            </table>
          </div>
        </text>
        <url value="http://openhie.org/fhir/hiv-cbs/ValueSet/vs-vl-result-code"/>
        <version value="0.2.0"/>
        <name value="VSVLResultCode"/>
        <title value="Viral Load Result Code"/>
        <status value="active"/>
        <experimental value="false"/>
        <date value="2023-02-23T12:51:52+00:00"/>
        <publisher value="Jembi Health Systems"/>
        <contact>
          <telecom>
            <system value="url"/>
            <value value="https://www.jembi.org"/>
          </telecom>
          <telecom>
            <system value="email"/>
            <value value="info@jembi.org"/>
          </telecom>
        </contact>
        <description value="A code used to indicate the category for the lab result."/>
        <jurisdiction>
          <coding>
            <system value="http://unstats.un.org/unsd/methods/m49/m49.htm"/>
            <code value="001"/>
          </coding>
        </jurisdiction>
        <expansion>
          <identifier value="urn:uuid:1d1f959d-0c6f-4fb9-83d7-07b1e4cff367"/>
          <timestamp value="2023-02-23T12:52:41+00:00"/>
          <total value="1"/>
          <parameter>
            <name value="excludeNested"/>
            <valueBoolean value="false"/>
          </parameter>
          <parameter>
            <name value="limitedExpansion"/>
            <valueBoolean value="true"/>
          </parameter>
          <parameter>
            <name value="version"/>
            <valueUri value="http://snomed.info/sct|http://snomed.info/sct/900000000000207008/version/20220731"/>
          </parameter>
          <contains>
            <system value="http://snomed.info/sct"/>
            <code value="398579006"/>
            <display value="Human immunodeficiency virus-1 nucleic acid assay (procedure)"/>
          </contains>
        </expansion>
      </ValueSet>
    </resource>
  </entry>
  <entry>
    <fullUrl value="http://openhie.org/fhir/hiv-cbs/ValueSet/vs-arvtreatment-activity-type"/>
    <resource>
      <ValueSet>
        <id value="vs-arvtreatment-activity-type"/>
        <text>
          <status value="generated"/>
          <div xmlns="http://www.w3.org/1999/xhtml">
            <p>This value set contains 1 concepts</p>
            <p style="border: black 1px dotted; background-color: #EEEEEE; padding: 8px; margin-bottom: 8px">Expansion based on Loinc v2.73</p>
            <table class="codes">
              <tr>
                <td style="white-space:nowrap">
                  <b>Code</b>
                </td>
                <td>
                  <b>System</b>
                </td>
                <td>
                  <b>Display</b>
                </td>
              </tr>
              <tr>
                <td style="white-space:nowrap">
                  <a name="http---loinc.org-45260-7"> </a>  
                  <a href="https://loinc.org/45260-7/">45260-7</a>
                </td>
                <td>http://loinc.org</td>
                <td>HIV ART medication</td>
              </tr>
            </table>
          </div>
        </text>
        <url value="http://openhie.org/fhir/hiv-cbs/ValueSet/vs-arvtreatment-activity-type"/>
        <version value="0.2.0"/>
        <name value="VSARVMedicationRequest"/>
        <title value="ARV Treatment Medication Request"/>
        <status value="active"/>
        <experimental value="false"/>
        <date value="2023-02-23T12:51:52+00:00"/>
        <publisher value="Jembi Health Systems"/>
        <contact>
          <telecom>
            <system value="url"/>
            <value value="https://www.jembi.org"/>
          </telecom>
          <telecom>
            <system value="email"/>
            <value value="info@jembi.org"/>
          </telecom>
        </contact>
        <description value="Codes used to represent a medication request for ART."/>
        <jurisdiction>
          <coding>
            <system value="http://unstats.un.org/unsd/methods/m49/m49.htm"/>
            <code value="001"/>
          </coding>
        </jurisdiction>
        <expansion>
          <identifier value="urn:uuid:6b152ec9-0e0c-459c-9456-07fc8d7c105e"/>
          <timestamp value="2023-02-23T12:52:42+00:00"/>
          <total value="1"/>
          <parameter>
            <name value="excludeNested"/>
            <valueBoolean value="false"/>
          </parameter>
          <parameter>
            <name value="limitedExpansion"/>
            <valueBoolean value="true"/>
          </parameter>
          <parameter>
            <name value="version"/>
            <valueUri value="http://loinc.org|2.73"/>
          </parameter>
          <contains>
            <system value="http://loinc.org"/>
            <code value="45260-7"/>
            <display value="HIV ART medication"/>
          </contains>
        </expansion>
      </ValueSet>
    </resource>
  </entry>
  <entry>
    <fullUrl value="http://openhie.org/fhir/hiv-cbs/ValueSet/vs-key-population-status"/>
    <resource>
      <ValueSet>
        <id value="vs-key-population-status"/>
        <text>
          <status value="generated"/>
          <div xmlns="http://www.w3.org/1999/xhtml">
            <p>This value set contains 7 concepts</p>
            <div style="border: black 1px dotted; background-color: #EEEEEE; padding: 8px; margin-bottom: 8px">
              <p>Expansion based on: </p>
              <ul>
                <li>
                  <a href="CodeSystem-cs-key-population-status.html">Key Population Status v0.2.0 (CodeSystem)</a>
                </li>
                <li>SNOMED CT International edition 31-Jul 2022</li>
              </ul>
            </div>
            <table class="codes">
              <tr>
                <td style="white-space:nowrap">
                  <b>Code</b>
                </td>
                <td>
                  <b>System</b>
                </td>
                <td>
                  <b>Display</b>
                </td>
              </tr>
              <tr>
                <td style="white-space:nowrap">
                  <a name="http---snomed.info-sct-472986005"> </a>  
                  <a href="http://snomed.info/id/472986005">472986005</a>
                </td>
                <td>http://snomed.info/sct</td>
                <td>Sexually active with men (finding)</td>
              </tr>
              <tr>
                <td style="white-space:nowrap">
                  <a name="http---snomed.info-sct-159799000"> </a>  
                  <a href="http://snomed.info/id/159799000">159799000</a>
                </td>
                <td>http://snomed.info/sct</td>
                <td>Female prostitute (occupation)</td>
              </tr>
              <tr>
                <td style="white-space:nowrap">
                  <a name="http---snomed.info-sct-159800001"> </a>  
                  <a href="http://snomed.info/id/159800001">159800001</a>
                </td>
                <td>http://snomed.info/sct</td>
                <td>Male prostitute (occupation)</td>
              </tr>
              <tr>
                <td style="white-space:nowrap">
                  <a name="http---snomed.info-sct-228388006"> </a>  
                  <a href="http://snomed.info/id/228388006">228388006</a>
                </td>
                <td>http://snomed.info/sct</td>
                <td>Intravenous drug user (finding)</td>
              </tr>
              <tr>
                <td style="white-space:nowrap">
                  <a name="http---snomed.info-sct-417284009"> </a>  
                  <a href="http://snomed.info/id/417284009">417284009</a>
                </td>
                <td>http://snomed.info/sct</td>
                <td>Current drug user (finding)</td>
              </tr>
              <tr>
                <td style="white-space:nowrap">
                  <a name="http---snomed.info-sct-407375002"> </a>  
                  <a href="http://snomed.info/id/407375002">407375002</a>
                </td>
                <td>http://snomed.info/sct</td>
                <td>Surgically transgendered transsexual (finding)</td>
              </tr>
              <tr>
                <td style="white-space:nowrap">
                  <a name="http---openhie.org-fhir-hiv-cbs-CodeSystem-cs-key-population-status-General-Population"> </a>  
                  <a href="CodeSystem-cs-key-population-status.html#cs-key-population-status-General-Population">General-Population</a>
                </td>
                <td>http://openhie.org/fhir/hiv-cbs/CodeSystem/cs-key-population-status</td>
                <td>General Population</td>
              </tr>
            </table>
          </div>
        </text>
        <url value="http://openhie.org/fhir/hiv-cbs/ValueSet/vs-key-population-status"/>
        <version value="0.2.0"/>
        <name value="VSKeyPopulationSatus"/>
        <title value="Key Population Status"/>
        <status value="active"/>
        <experimental value="false"/>
        <date value="2023-02-23T12:51:52+00:00"/>
        <publisher value="Jembi Health Systems"/>
        <contact>
          <telecom>
            <system value="url"/>
            <value value="https://www.jembi.org"/>
          </telecom>
          <telecom>
            <system value="email"/>
            <value value="info@jembi.org"/>
          </telecom>
        </contact>
        <description value="A list of key population types"/>
        <jurisdiction>
          <coding>
            <system value="http://unstats.un.org/unsd/methods/m49/m49.htm"/>
            <code value="001"/>
          </coding>
        </jurisdiction>
        <expansion>
          <identifier value="urn:uuid:984c7f4d-de81-44ad-a14e-ee61df5b2926"/>
          <timestamp value="2023-02-23T12:52:43+00:00"/>
          <total value="7"/>
          <parameter>
            <name value="excludeNested"/>
            <valueBoolean value="false"/>
          </parameter>
          <parameter>
            <name value="limitedExpansion"/>
            <valueBoolean value="true"/>
          </parameter>
          <parameter>
            <name value="version"/>
            <valueUri value="http://snomed.info/sct|http://snomed.info/sct/900000000000207008/version/20220731"/>
          </parameter>
          <parameter>
            <name value="version"/>
            <valueUri value="http://openhie.org/fhir/hiv-cbs/CodeSystem/cs-key-population-status|0.2.0"/>
          </parameter>
          <contains>
            <system value="http://snomed.info/sct"/>
            <code value="472986005"/>
            <display value="Sexually active with men (finding)"/>
          </contains>
          <contains>
            <system value="http://snomed.info/sct"/>
            <code value="159799000"/>
            <display value="Female prostitute (occupation)"/>
          </contains>
          <contains>
            <system value="http://snomed.info/sct"/>
            <code value="159800001"/>
            <display value="Male prostitute (occupation)"/>
          </contains>
          <contains>
            <system value="http://snomed.info/sct"/>
            <code value="228388006"/>
            <display value="Intravenous drug user (finding)"/>
          </contains>
          <contains>
            <system value="http://snomed.info/sct"/>
            <code value="417284009"/>
            <display value="Current drug user (finding)"/>
          </contains>
          <contains>
            <system value="http://snomed.info/sct"/>
            <code value="407375002"/>
            <display value="Surgically transgendered transsexual (finding)"/>
          </contains>
          <contains>
            <system value="http://openhie.org/fhir/hiv-cbs/CodeSystem/cs-key-population-status"/>
            <code value="General-Population"/>
            <display value="General Population"/>
          </contains>
        </expansion>
      </ValueSet>
    </resource>
  </entry>
</Bundle>