<?xml version="1.0" encoding="UTF-8"?>

<ImplementationGuide xmlns="http://hl7.org/fhir">
  <id value="openhie.fhir.hiv.cbs"/>
  <text>
    <status value="extensions"/><div xmlns="http://www.w3.org/1999/xhtml"><h2>HIVCBS</h2><p>The official URL for this implementation guide is: </p><pre>http://openhie.org/fhir/hiv-cbs/ImplementationGuide/openhie.fhir.hiv.cbs</pre><div><p>HIV Case-Based Surveillance</p>
</div></div>
  </text>
  <url value="http://openhie.org/fhir/hiv-cbs/ImplementationGuide/openhie.fhir.hiv.cbs"/>
  <version value="0.2.0"/>
  <name value="HIVCBS"/>
  <title value="HIV Case-Based Surveillance"/>
  <status value="draft"/>
  <experimental value="false"/>
  <date value="2023-02-28T14:52:43+00:00"/>
  <publisher value="Jembi Health Systems"/>
  <contact>
    <telecom>
      <system value="url"/>
      <value value="https://www.jembi.org"/>
    </telecom>
    <telecom>
      <system value="email"/>
      <value value="info@jembi.org"/>
    </telecom>
  </contact>
  <description value="HIV Case-Based Surveillance"/>
  <jurisdiction>
    <coding>
      <system value="http://unstats.un.org/unsd/methods/m49/m49.htm"/>
      <code value="001"/>
    </coding>
  </jurisdiction>
  <packageId value="openhie.fhir.hiv.cbs"/>
  <license value="CC0-1.0"/>
  <fhirVersion value="4.0.1"/>
  <dependsOn id="hl7tx">
    <extension url="http://hl7.org/fhir/tools/StructureDefinition/implementationguide-dependency-comment">
      <valueMarkdown value="Automatically added as a dependency - all IGs depend on HL7 Terminology"/>
    </extension>
    <uri value="http://terminology.hl7.org/ImplementationGuide/hl7.terminology"/>
    <packageId value="hl7.terminology.r4"/>
    <version value="5.0.0"/>
  </dependsOn>
  <definition>
    <extension url="http://hl7.org/fhir/tools/StructureDefinition/ig-parameter">
      <extension url="code">
        <valueString value="copyrightyear"/>
      </extension>
      <extension url="value">
        <valueString value="2019+"/>
      </extension>
    </extension>
    <extension url="http://hl7.org/fhir/tools/StructureDefinition/ig-parameter">
      <extension url="code">
        <valueString value="releaselabel"/>
      </extension>
      <extension url="value">
        <valueString value="CI Build"/>
      </extension>
    </extension>
    <extension url="http://hl7.org/fhir/tools/StructureDefinition/ig-parameter">
      <extension url="code">
        <valueString value="path-binary"/>
      </extension>
      <extension url="value">
        <valueString value="input\cql"/>
      </extension>
    </extension>
    <extension url="http://hl7.org/fhir/tools/StructureDefinition/ig-parameter">
      <extension url="code">
        <valueString value="path-liquid"/>
      </extension>
      <extension url="value">
        <valueString value="templates\liquid"/>
      </extension>
    </extension>
    <extension url="http://hl7.org/fhir/tools/StructureDefinition/ig-parameter">
      <extension url="code">
        <valueString value="autoload-resources"/>
      </extension>
      <extension url="value">
        <valueString value="true"/>
      </extension>
    </extension>
    <extension url="http://hl7.org/fhir/tools/StructureDefinition/ig-parameter">
      <extension url="code">
        <valueString value="path-liquid"/>
      </extension>
      <extension url="value">
        <valueString value="template/liquid"/>
      </extension>
    </extension>
    <extension url="http://hl7.org/fhir/tools/StructureDefinition/ig-parameter">
      <extension url="code">
        <valueString value="path-liquid"/>
      </extension>
      <extension url="value">
        <valueString value="input/liquid"/>
      </extension>
    </extension>
    <extension url="http://hl7.org/fhir/tools/StructureDefinition/ig-parameter">
      <extension url="code">
        <valueString value="path-qa"/>
      </extension>
      <extension url="value">
        <valueString value="temp/qa"/>
      </extension>
    </extension>
    <extension url="http://hl7.org/fhir/tools/StructureDefinition/ig-parameter">
      <extension url="code">
        <valueString value="path-temp"/>
      </extension>
      <extension url="value">
        <valueString value="temp/pages"/>
      </extension>
    </extension>
    <extension url="http://hl7.org/fhir/tools/StructureDefinition/ig-parameter">
      <extension url="code">
        <valueString value="path-output"/>
      </extension>
      <extension url="value">
        <valueString value="output"/>
      </extension>
    </extension>
    <extension url="http://hl7.org/fhir/tools/StructureDefinition/ig-parameter">
      <extension url="code">
        <valueString value="path-suppressed-warnings"/>
      </extension>
      <extension url="value">
        <valueString value="input/ignoreWarnings.txt"/>
      </extension>
    </extension>
    <extension url="http://hl7.org/fhir/tools/StructureDefinition/ig-parameter">
      <extension url="code">
        <valueString value="path-history"/>
      </extension>
      <extension url="value">
        <valueString value="http://openhie.org/fhir/hiv-cbs/history.html"/>
      </extension>
    </extension>
    <extension url="http://hl7.org/fhir/tools/StructureDefinition/ig-parameter">
      <extension url="code">
        <valueString value="template-html"/>
      </extension>
      <extension url="value">
        <valueString value="template-page.html"/>
      </extension>
    </extension>
    <extension url="http://hl7.org/fhir/tools/StructureDefinition/ig-parameter">
      <extension url="code">
        <valueString value="template-md"/>
      </extension>
      <extension url="value">
        <valueString value="template-page-md.html"/>
      </extension>
    </extension>
    <extension url="http://hl7.org/fhir/tools/StructureDefinition/ig-parameter">
      <extension url="code">
        <valueString value="apply-contact"/>
      </extension>
      <extension url="value">
        <valueString value="true"/>
      </extension>
    </extension>
    <extension url="http://hl7.org/fhir/tools/StructureDefinition/ig-parameter">
      <extension url="code">
        <valueString value="apply-context"/>
      </extension>
      <extension url="value">
        <valueString value="true"/>
      </extension>
    </extension>
    <extension url="http://hl7.org/fhir/tools/StructureDefinition/ig-parameter">
      <extension url="code">
        <valueString value="apply-copyright"/>
      </extension>
      <extension url="value">
        <valueString value="true"/>
      </extension>
    </extension>
    <extension url="http://hl7.org/fhir/tools/StructureDefinition/ig-parameter">
      <extension url="code">
        <valueString value="apply-jurisdiction"/>
      </extension>
      <extension url="value">
        <valueString value="true"/>
      </extension>
    </extension>
    <extension url="http://hl7.org/fhir/tools/StructureDefinition/ig-parameter">
      <extension url="code">
        <valueString value="apply-license"/>
      </extension>
      <extension url="value">
        <valueString value="true"/>
      </extension>
    </extension>
    <extension url="http://hl7.org/fhir/tools/StructureDefinition/ig-parameter">
      <extension url="code">
        <valueString value="apply-publisher"/>
      </extension>
      <extension url="value">
        <valueString value="true"/>
      </extension>
    </extension>
    <extension url="http://hl7.org/fhir/tools/StructureDefinition/ig-parameter">
      <extension url="code">
        <valueString value="apply-version"/>
      </extension>
      <extension url="value">
        <valueString value="true"/>
      </extension>
    </extension>
    <extension url="http://hl7.org/fhir/tools/StructureDefinition/ig-parameter">
      <extension url="code">
        <valueString value="active-tables"/>
      </extension>
      <extension url="value">
        <valueString value="true"/>
      </extension>
    </extension>
    <extension url="http://hl7.org/fhir/tools/StructureDefinition/ig-parameter">
      <extension url="code">
        <valueString value="fmm-definition"/>
      </extension>
      <extension url="value">
        <valueString value="http://hl7.org/fhir/versions.html#maturity"/>
      </extension>
    </extension>
    <extension url="http://hl7.org/fhir/tools/StructureDefinition/ig-parameter">
      <extension url="code">
        <valueString value="propagate-status"/>
      </extension>
      <extension url="value">
        <valueString value="true"/>
      </extension>
    </extension>
    <extension url="http://hl7.org/fhir/tools/StructureDefinition/ig-parameter">
      <extension url="code">
        <valueString value="excludelogbinaryformat"/>
      </extension>
      <extension url="value">
        <valueString value="true"/>
      </extension>
    </extension>
    <extension url="http://hl7.org/fhir/tools/StructureDefinition/ig-parameter">
      <extension url="code">
        <valueString value="tabbed-snapshots"/>
      </extension>
      <extension url="value">
        <valueString value="true"/>
      </extension>
    </extension>
    <extension url="http://hl7.org/fhir/tools/StructureDefinition/ig-parameter">
      <extension url="code">
        <valueString value="copyrightyear"/>
      </extension>
      <extension url="value">
        <valueString value="2019+"/>
      </extension>
    </extension>
    <extension url="http://hl7.org/fhir/tools/StructureDefinition/ig-parameter">
      <extension url="code">
        <valueString value="releaselabel"/>
      </extension>
      <extension url="value">
        <valueString value="CI Build"/>
      </extension>
    </extension>
    <extension url="http://hl7.org/fhir/tools/StructureDefinition/ig-parameter">
      <extension url="code">
        <valueString value="path-binary"/>
      </extension>
      <extension url="value">
        <valueString value="input\cql"/>
      </extension>
    </extension>
    <extension url="http://hl7.org/fhir/tools/StructureDefinition/ig-parameter">
      <extension url="code">
        <valueString value="path-liquid"/>
      </extension>
      <extension url="value">
        <valueString value="templates\liquid"/>
      </extension>
    </extension>
    <extension url="http://hl7.org/fhir/tools/StructureDefinition/ig-parameter">
      <extension url="code">
        <valueString value="autoload-resources"/>
      </extension>
      <extension url="value">
        <valueString value="true"/>
      </extension>
    </extension>
    <extension url="http://hl7.org/fhir/tools/StructureDefinition/ig-parameter">
      <extension url="code">
        <valueString value="path-liquid"/>
      </extension>
      <extension url="value">
        <valueString value="template/liquid"/>
      </extension>
    </extension>
    <extension url="http://hl7.org/fhir/tools/StructureDefinition/ig-parameter">
      <extension url="code">
        <valueString value="path-liquid"/>
      </extension>
      <extension url="value">
        <valueString value="input/liquid"/>
      </extension>
    </extension>
    <extension url="http://hl7.org/fhir/tools/StructureDefinition/ig-parameter">
      <extension url="code">
        <valueString value="path-qa"/>
      </extension>
      <extension url="value">
        <valueString value="temp/qa"/>
      </extension>
    </extension>
    <extension url="http://hl7.org/fhir/tools/StructureDefinition/ig-parameter">
      <extension url="code">
        <valueString value="path-temp"/>
      </extension>
      <extension url="value">
        <valueString value="temp/pages"/>
      </extension>
    </extension>
    <extension url="http://hl7.org/fhir/tools/StructureDefinition/ig-parameter">
      <extension url="code">
        <valueString value="path-output"/>
      </extension>
      <extension url="value">
        <valueString value="output"/>
      </extension>
    </extension>
    <extension url="http://hl7.org/fhir/tools/StructureDefinition/ig-parameter">
      <extension url="code">
        <valueString value="path-suppressed-warnings"/>
      </extension>
      <extension url="value">
        <valueString value="input/ignoreWarnings.txt"/>
      </extension>
    </extension>
    <extension url="http://hl7.org/fhir/tools/StructureDefinition/ig-parameter">
      <extension url="code">
        <valueString value="path-history"/>
      </extension>
      <extension url="value">
        <valueString value="http://openhie.org/fhir/hiv-cbs/history.html"/>
      </extension>
    </extension>
    <extension url="http://hl7.org/fhir/tools/StructureDefinition/ig-parameter">
      <extension url="code">
        <valueString value="template-html"/>
      </extension>
      <extension url="value">
        <valueString value="template-page.html"/>
      </extension>
    </extension>
    <extension url="http://hl7.org/fhir/tools/StructureDefinition/ig-parameter">
      <extension url="code">
        <valueString value="template-md"/>
      </extension>
      <extension url="value">
        <valueString value="template-page-md.html"/>
      </extension>
    </extension>
    <extension url="http://hl7.org/fhir/tools/StructureDefinition/ig-parameter">
      <extension url="code">
        <valueString value="apply-contact"/>
      </extension>
      <extension url="value">
        <valueString value="true"/>
      </extension>
    </extension>
    <extension url="http://hl7.org/fhir/tools/StructureDefinition/ig-parameter">
      <extension url="code">
        <valueString value="apply-context"/>
      </extension>
      <extension url="value">
        <valueString value="true"/>
      </extension>
    </extension>
    <extension url="http://hl7.org/fhir/tools/StructureDefinition/ig-parameter">
      <extension url="code">
        <valueString value="apply-copyright"/>
      </extension>
      <extension url="value">
        <valueString value="true"/>
      </extension>
    </extension>
    <extension url="http://hl7.org/fhir/tools/StructureDefinition/ig-parameter">
      <extension url="code">
        <valueString value="apply-jurisdiction"/>
      </extension>
      <extension url="value">
        <valueString value="true"/>
      </extension>
    </extension>
    <extension url="http://hl7.org/fhir/tools/StructureDefinition/ig-parameter">
      <extension url="code">
        <valueString value="apply-license"/>
      </extension>
      <extension url="value">
        <valueString value="true"/>
      </extension>
    </extension>
    <extension url="http://hl7.org/fhir/tools/StructureDefinition/ig-parameter">
      <extension url="code">
        <valueString value="apply-publisher"/>
      </extension>
      <extension url="value">
        <valueString value="true"/>
      </extension>
    </extension>
    <extension url="http://hl7.org/fhir/tools/StructureDefinition/ig-parameter">
      <extension url="code">
        <valueString value="apply-version"/>
      </extension>
      <extension url="value">
        <valueString value="true"/>
      </extension>
    </extension>
    <extension url="http://hl7.org/fhir/tools/StructureDefinition/ig-parameter">
      <extension url="code">
        <valueString value="active-tables"/>
      </extension>
      <extension url="value">
        <valueString value="true"/>
      </extension>
    </extension>
    <extension url="http://hl7.org/fhir/tools/StructureDefinition/ig-parameter">
      <extension url="code">
        <valueString value="fmm-definition"/>
      </extension>
      <extension url="value">
        <valueString value="http://hl7.org/fhir/versions.html#maturity"/>
      </extension>
    </extension>
    <extension url="http://hl7.org/fhir/tools/StructureDefinition/ig-parameter">
      <extension url="code">
        <valueString value="propagate-status"/>
      </extension>
      <extension url="value">
        <valueString value="true"/>
      </extension>
    </extension>
    <extension url="http://hl7.org/fhir/tools/StructureDefinition/ig-parameter">
      <extension url="code">
        <valueString value="excludelogbinaryformat"/>
      </extension>
      <extension url="value">
        <valueString value="true"/>
      </extension>
    </extension>
    <extension url="http://hl7.org/fhir/tools/StructureDefinition/ig-parameter">
      <extension url="code">
        <valueString value="tabbed-snapshots"/>
      </extension>
      <extension url="value">
        <valueString value="true"/>
      </extension>
    </extension>
    <resource>
      <extension url="http://hl7.org/fhir/tools/StructureDefinition/resource-information">
        <valueString value="StructureDefinition:resource"/>
      </extension>
      <reference>
        <reference value="StructureDefinition/hiv-arv-treatment"/>
      </reference>
      <name value="ARV Treatment"/>
      <description value="This profile is to record prescribed ARV regimen against a given therapeutic line."/>
    </resource>
    <resource>
      <extension url="http://hl7.org/fhir/tools/StructureDefinition/resource-information">
        <valueString value="Location"/>
      </extension>
      <reference>
        <reference value="Location/HIVServiceRequestLocationExample"/>
      </reference>
      <name value="Example Location - HIVServiceRequestLocationExample"/>
      <exampleCanonical value="http://openhie.org/fhir/hiv-cbs/StructureDefinition/hiv-service-request-location"/>
    </resource>
    <resource>
      <extension url="http://hl7.org/fhir/tools/StructureDefinition/resource-information">
        <valueString value="ValueSet"/>
      </extension>
      <reference>
        <reference value="ValueSet/vs-hiv-recency-test-result"/>
      </reference>
      <name value="Recency HIV Test Result"/>
      <description value="A list of HIV recency test result codes."/>
    </resource>
    <resource>
      <extension url="http://hl7.org/fhir/tools/StructureDefinition/resource-information">
        <valueString value="Observation"/>
      </extension>
      <reference>
        <reference value="Observation/CD4TestResultExample"/>
      </reference>
      <name value="Example Observation - CD4TestResultExample"/>
      <exampleCanonical value="http://openhie.org/fhir/hiv-cbs/StructureDefinition/hiv-cd4-test"/>
    </resource>
    <resource>
      <extension url="http://hl7.org/fhir/tools/StructureDefinition/resource-information">
        <valueString value="StructureDefinition:resource"/>
      </extension>
      <reference>
        <reference value="StructureDefinition/hiv-organization"/>
      </reference>
      <name value="HIV Organization"/>
      <description value="Organization providing HIV Testing Services."/>
    </resource>
    <resource>
      <extension url="http://hl7.org/fhir/tools/StructureDefinition/resource-information">
        <valueString value="Bundle"/>
      </extension>
      <reference>
        <reference value="Bundle/LabCancellation"/>
      </reference>
      <name value="Example Bundle - LabCancellation"/>
      <exampleCanonical value="http://openhie.org/fhir/hiv-cbs/StructureDefinition/hiv-lab-task"/>
    </resource>
    <resource>
      <extension url="http://hl7.org/fhir/tools/StructureDefinition/resource-information">
        <valueString value="Observation"/>
      </extension>
      <reference>
        <reference value="Observation/HIVRecencyTestResultExample"/>
      </reference>
      <name value="Example Observation - HIVRecencyTestResultExample"/>
      <exampleCanonical value="http://openhie.org/fhir/hiv-cbs/StructureDefinition/hiv-recency-test-result"/>
    </resource>
    <resource>
      <extension url="http://hl7.org/fhir/tools/StructureDefinition/resource-information">
        <valueString value="StructureDefinition:resource"/>
      </extension>
      <reference>
        <reference value="StructureDefinition/death"/>
      </reference>
      <name value="Patient Death"/>
      <description value="This profile captures the death outcome for a patient."/>
    </resource>
    <resource>
      <extension url="http://hl7.org/fhir/tools/StructureDefinition/resource-information">
        <valueString value="Task"/>
      </extension>
      <reference>
        <reference value="Task/HIVLabOrderCancellationTaskExample"/>
      </reference>
      <name value="Example Task - HIVLabOrderCancellationTaskExample"/>
      <exampleCanonical value="http://openhie.org/fhir/hiv-cbs/StructureDefinition/hiv-lab-task"/>
    </resource>
    <resource>
      <extension url="http://hl7.org/fhir/tools/StructureDefinition/resource-information">
        <valueString value="StructureDefinition:extension"/>
      </extension>
      <reference>
        <reference value="StructureDefinition/art-regimen-line"/>
      </reference>
      <name value="ART Regimen Line"/>
      <description value="Therapeutic lines that are used to classify the patient's currently prescribed ARV regimen."/>
    </resource>
    <resource>
      <extension url="http://hl7.org/fhir/tools/StructureDefinition/resource-information">
        <valueString value="StructureDefinition:resource"/>
      </extension>
      <reference>
        <reference value="StructureDefinition/hiv-lab-task"/>
      </reference>
      <name value="Lab Task"/>
      <description value="Assists with tracking the state of the lab order and its completion status."/>
    </resource>
    <resource>
      <extension url="http://hl7.org/fhir/tools/StructureDefinition/resource-information">
        <valueString value="Observation"/>
      </extension>
      <reference>
        <reference value="Observation/DateHIVTestDoneExample"/>
      </reference>
      <name value="Example Observation - DateHIVTestDoneExample"/>
      <exampleCanonical value="http://openhie.org/fhir/hiv-cbs/StructureDefinition/date-hiv-test-done"/>
    </resource>
    <resource>
      <extension url="http://hl7.org/fhir/tools/StructureDefinition/resource-information">
        <valueString value="ValueSet"/>
      </extension>
      <reference>
        <reference value="ValueSet/vs-hiv-test-done"/>
      </reference>
      <name value="HIV Test Done"/>
      <description value="Used by the observation to indicate that a HIV test was performed."/>
    </resource>
    <resource>
      <extension url="http://hl7.org/fhir/tools/StructureDefinition/resource-information">
        <valueString value="StructureDefinition:resource"/>
      </extension>
      <reference>
        <reference value="StructureDefinition/target-facility-encounter"/>
      </reference>
      <name value="Target Facility Encounter"/>
      <description value="This profile represents the current facility at which the patient is receiving treatment."/>
    </resource>
    <resource>
      <extension url="http://hl7.org/fhir/tools/StructureDefinition/resource-information">
        <valueString value="Patient"/>
      </extension>
      <reference>
        <reference value="Patient/HIVPatientExample"/>
      </reference>
      <name value="Example Patient - HIVPatientExample"/>
      <exampleCanonical value="http://openhie.org/fhir/hiv-cbs/StructureDefinition/hiv-patient"/>
    </resource>
    <resource>
      <extension url="http://hl7.org/fhir/tools/StructureDefinition/resource-information">
        <valueString value="StructureDefinition:extension"/>
      </extension>
      <reference>
        <reference value="StructureDefinition/key-population-status"/>
      </reference>
      <name value="Key HIV Population"/>
      <description value="Populations who are at higher risk for HIV."/>
    </resource>
    <resource>
      <extension url="http://hl7.org/fhir/tools/StructureDefinition/resource-information">
        <valueString value="StructureDefinition:resource"/>
      </extension>
      <reference>
        <reference value="StructureDefinition/hiv-diagnostic-report"/>
      </reference>
      <name value="Diagnostic Report"/>
      <description value="A report as a result of the lab task being completed."/>
    </resource>
    <resource>
      <extension url="http://hl7.org/fhir/tools/StructureDefinition/resource-information">
        <valueString value="ValueSet"/>
      </extension>
      <reference>
        <reference value="ValueSet/vs-hiv-recency-status"/>
      </reference>
      <name value="HIV Recency Testing Status"/>
      <description value="A list of HIV recency statuses"/>
    </resource>
    <resource>
      <extension url="http://hl7.org/fhir/tools/StructureDefinition/resource-information">
        <valueString value="ValueSet"/>
      </extension>
      <reference>
        <reference value="ValueSet/vs-patient-enrollment-type"/>
      </reference>
      <name value="Patient Type at Enrolment"/>
      <description value="A list of Patient Types at Enrolment"/>
    </resource>
    <resource>
      <extension url="http://hl7.org/fhir/tools/StructureDefinition/resource-information">
        <valueString value="ValueSet"/>
      </extension>
      <reference>
        <reference value="ValueSet/vs-vl-suppression"/>
      </reference>
      <name value="Viral Load Suppressions Status"/>
      <description value="Describes a patient's current viral load status."/>
    </resource>
    <resource>
      <extension url="http://hl7.org/fhir/tools/StructureDefinition/resource-information">
        <valueString value="StructureDefinition:resource"/>
      </extension>
      <reference>
        <reference value="StructureDefinition/date-hiv-test-done"/>
      </reference>
      <name value="Date HIV Test Done"/>
      <description value="This profile is to record the date when HIV test was done for a patient."/>
    </resource>
    <resource>
      <extension url="http://hl7.org/fhir/tools/StructureDefinition/resource-information">
        <valueString value="Bundle"/>
      </extension>
      <reference>
        <reference value="Bundle/EMR"/>
      </reference>
      <name value="Example Bundle - EMR"/>
      <exampleCanonical value="http://openhie.org/fhir/hiv-cbs/StructureDefinition/hiv-arv-treatment"/>
    </resource>
    <resource>
      <extension url="http://hl7.org/fhir/tools/StructureDefinition/resource-information">
        <valueString value="StructureDefinition:extension"/>
      </extension>
      <reference>
        <reference value="StructureDefinition/art-change-type"/>
      </reference>
      <name value="ART Change Type"/>
      <description value="A list of options to distinguish the ART between Initial, Switch and Substitute"/>
    </resource>
    <resource>
      <extension url="http://hl7.org/fhir/tools/StructureDefinition/resource-information">
        <valueString value="StructureDefinition:resource"/>
      </extension>
      <reference>
        <reference value="StructureDefinition/hiv-patient"/>
      </reference>
      <name value="Patient"/>
      <description value="A patient resource for an HIV Patient"/>
    </resource>
    <resource>
      <extension url="http://hl7.org/fhir/tools/StructureDefinition/resource-information">
        <valueString value="StructureDefinition:resource"/>
      </extension>
      <reference>
        <reference value="StructureDefinition/hiv-cd4-test"/>
      </reference>
      <name value="Absolute CD4 Count"/>
      <description value="This profile is for recording the Patient's CD4 Count."/>
    </resource>
    <resource>
      <extension url="http://hl7.org/fhir/tools/StructureDefinition/resource-information">
        <valueString value="Bundle"/>
      </extension>
      <reference>
        <reference value="Bundle/LabOrder"/>
      </reference>
      <name value="Example Bundle - LabOrder"/>
      <exampleCanonical value="http://openhie.org/fhir/hiv-cbs/StructureDefinition/hiv-service-request-location"/>
    </resource>
    <resource>
      <extension url="http://hl7.org/fhir/tools/StructureDefinition/resource-information">
        <valueString value="StructureDefinition:resource"/>
      </extension>
      <reference>
        <reference value="StructureDefinition/transferring-facility-encounter"/>
      </reference>
      <name value="Transferring Facility Encounter"/>
      <description value="This profile represents the facility the patient is being transferred from."/>
    </resource>
    <resource>
      <extension url="http://hl7.org/fhir/tools/StructureDefinition/resource-information">
        <valueString value="Observation"/>
      </extension>
      <reference>
        <reference value="Observation/CD4PercentageExample"/>
      </reference>
      <name value="Example Observation - CD4PercentageExample"/>
      <exampleCanonical value="http://openhie.org/fhir/hiv-cbs/StructureDefinition/hiv-cd4-percentage"/>
    </resource>
    <resource>
      <extension url="http://hl7.org/fhir/tools/StructureDefinition/resource-information">
        <valueString value="StructureDefinition:resource"/>
      </extension>
      <reference>
        <reference value="StructureDefinition/hiv-service-request-location"/>
      </reference>
      <name value="Lab Order Request Location"/>
      <description value="What is the location of the organization responsible for conducting the examination of the individual's sample?"/>
    </resource>
    <resource>
      <extension url="http://hl7.org/fhir/tools/StructureDefinition/resource-information">
        <valueString value="StructureDefinition:resource"/>
      </extension>
      <reference>
        <reference value="StructureDefinition/hiv-episode-of-care"/>
      </reference>
      <name value="Patient Enrollment Type"/>
      <description value="This profile is used to record the enrolment type at the time of the encounter."/>
    </resource>
    <resource>
      <extension url="http://hl7.org/fhir/tools/StructureDefinition/resource-information">
        <valueString value="Task"/>
      </extension>
      <reference>
        <reference value="Task/HIVLabResultTaskExample"/>
      </reference>
      <name value="Example Task - HIVLabResultTaskExample"/>
      <exampleCanonical value="http://openhie.org/fhir/hiv-cbs/StructureDefinition/hiv-lab-task"/>
    </resource>
    <resource>
      <extension url="http://hl7.org/fhir/tools/StructureDefinition/resource-information">
        <valueString value="StructureDefinition:resource"/>
      </extension>
      <reference>
        <reference value="StructureDefinition/viral-load-specimen"/>
      </reference>
      <name value="Viral Load Specimen"/>
      <description value="The test sample that was collected for the initiated lab order."/>
    </resource>
    <resource>
      <extension url="http://hl7.org/fhir/tools/StructureDefinition/resource-information">
        <valueString value="Observation"/>
      </extension>
      <reference>
        <reference value="Observation/HIVTestResultExample"/>
      </reference>
      <name value="Example Observation - HIVTestResultExample"/>
      <exampleCanonical value="http://openhie.org/fhir/hiv-cbs/StructureDefinition/hiv-test-results"/>
    </resource>
    <resource>
      <extension url="http://hl7.org/fhir/tools/StructureDefinition/resource-information">
        <valueString value="Task"/>
      </extension>
      <reference>
        <reference value="Task/HIVLabOrderRejectionTaskExample"/>
      </reference>
      <name value="Example Task - HIVLabOrderRejectionTaskExample"/>
      <exampleCanonical value="http://openhie.org/fhir/hiv-cbs/StructureDefinition/hiv-lab-task"/>
    </resource>
    <resource>
      <extension url="http://hl7.org/fhir/tools/StructureDefinition/resource-information">
        <valueString value="ValueSet"/>
      </extension>
      <reference>
        <reference value="ValueSet/vs-art-change-type"/>
      </reference>
      <name value="ART Change Type"/>
      <description value="A list of options to distinguish the ART between Initial, Switch and Substitute"/>
    </resource>
    <resource>
      <extension url="http://hl7.org/fhir/tools/StructureDefinition/resource-information">
        <valueString value="ValueSet"/>
      </extension>
      <reference>
        <reference value="ValueSet/vs-careplan-outcome"/>
      </reference>
      <name value="ARV treatment outcomes"/>
      <description value="A list of possible ARV treatment outcomes."/>
    </resource>
    <resource>
      <extension url="http://hl7.org/fhir/tools/StructureDefinition/resource-information">
        <valueString value="ValueSet"/>
      </extension>
      <reference>
        <reference value="ValueSet/vs-reason-for-assessment-or-test-not-performed"/>
      </reference>
      <name value="Reason for Assessment or Test Not Performed"/>
      <description value="A list of reasons associated with the service request for the lab order."/>
    </resource>
    <resource>
      <extension url="http://hl7.org/fhir/tools/StructureDefinition/resource-information">
        <valueString value="StructureDefinition:resource"/>
      </extension>
      <reference>
        <reference value="StructureDefinition/hiv-test-results"/>
      </reference>
      <name value="Lab Results"/>
      <description value="The result of the lab test which determines whether the patient is infected with HIV or not."/>
    </resource>
    <resource>
      <extension url="http://hl7.org/fhir/tools/StructureDefinition/resource-information">
        <valueString value="Specimen"/>
      </extension>
      <reference>
        <reference value="Specimen/VLSpecimenExample"/>
      </reference>
      <name value="Example Specimen - VLSpecimenExample"/>
      <exampleCanonical value="http://openhie.org/fhir/hiv-cbs/StructureDefinition/viral-load-specimen"/>
    </resource>
    <resource>
      <extension url="http://hl7.org/fhir/tools/StructureDefinition/resource-information">
        <valueString value="StructureDefinition:resource"/>
      </extension>
      <reference>
        <reference value="StructureDefinition/hiv-cd4-percentage"/>
      </reference>
      <name value="CD4 Percentage"/>
      <description value="This profile is for recording the patient's CD4 percentage."/>
    </resource>
    <resource>
      <extension url="http://hl7.org/fhir/tools/StructureDefinition/resource-information">
        <valueString value="DiagnosticReport"/>
      </extension>
      <reference>
        <reference value="DiagnosticReport/HIVLabResultsDiagnosticReportExample"/>
      </reference>
      <name value="Example DiagnosticReport - HIVLabResultsDiagnosticReportExample"/>
      <exampleCanonical value="http://openhie.org/fhir/hiv-cbs/StructureDefinition/hiv-diagnostic-report"/>
    </resource>
    <resource>
      <extension url="http://hl7.org/fhir/tools/StructureDefinition/resource-information">
        <valueString value="ValueSet"/>
      </extension>
      <reference>
        <reference value="ValueSet/vs-condition"/>
      </reference>
      <name value="Conditions"/>
      <description value="A list of possible HIV conditions."/>
    </resource>
    <resource>
      <extension url="http://hl7.org/fhir/tools/StructureDefinition/resource-information">
        <valueString value="StructureDefinition:resource"/>
      </extension>
      <reference>
        <reference value="StructureDefinition/hiv-practitioner"/>
      </reference>
      <name value="Practitioner"/>
      <description value="The healthcare professional who has been assigned to a given lab task."/>
    </resource>
    <resource>
      <extension url="http://hl7.org/fhir/tools/StructureDefinition/resource-information">
        <valueString value="Condition"/>
      </extension>
      <reference>
        <reference value="Condition/HIVDiagnosisExample"/>
      </reference>
      <name value="Example Condition - HIVDiagnosisExample"/>
      <exampleCanonical value="http://openhie.org/fhir/hiv-cbs/StructureDefinition/hiv-diagnosis"/>
    </resource>
    <resource>
      <extension url="http://hl7.org/fhir/tools/StructureDefinition/resource-information">
        <valueString value="Bundle"/>
      </extension>
      <reference>
        <reference value="Bundle/LabResult"/>
      </reference>
      <name value="Example Bundle - LabResult"/>
      <exampleCanonical value="http://openhie.org/fhir/hiv-cbs/StructureDefinition/hiv-lab-task"/>
    </resource>
    <resource>
      <extension url="http://hl7.org/fhir/tools/StructureDefinition/resource-information">
        <valueString value="ValueSet"/>
      </extension>
      <reference>
        <reference value="ValueSet/vs-cd4-percentage"/>
      </reference>
      <name value="CD4 percentage code"/>
      <description value="A list of CD4 percentage codes"/>
    </resource>
    <resource>
      <extension url="http://hl7.org/fhir/tools/StructureDefinition/resource-information">
        <valueString value="Observation"/>
      </extension>
      <reference>
        <reference value="Observation/DeathExample"/>
      </reference>
      <name value="Example Observation - DeathExample"/>
      <exampleCanonical value="http://openhie.org/fhir/hiv-cbs/StructureDefinition/death"/>
    </resource>
    <resource>
      <extension url="http://hl7.org/fhir/tools/StructureDefinition/resource-information">
        <valueString value="CodeSystem"/>
      </extension>
      <reference>
        <reference value="CodeSystem/cs-art-change-type"/>
      </reference>
      <name value="ART Change Type"/>
      <description value="A list of options to distinguish the ART between Initial, Switch and Substitute"/>
    </resource>
    <resource>
      <extension url="http://hl7.org/fhir/tools/StructureDefinition/resource-information">
        <valueString value="StructureDefinition:resource"/>
      </extension>
      <reference>
        <reference value="StructureDefinition/hiv-diagnosis"/>
      </reference>
      <name value="Diagnosis"/>
      <description value="This profile represents the confirmation of HIV diagnosis."/>
    </resource>
    <resource>
      <extension url="http://hl7.org/fhir/tools/StructureDefinition/resource-information">
        <valueString value="CodeSystem"/>
      </extension>
      <reference>
        <reference value="CodeSystem/cs-key-population-status"/>
      </reference>
      <name value="Key Population Status"/>
      <description value="A list of key population types"/>
    </resource>
    <resource>
      <extension url="http://hl7.org/fhir/tools/StructureDefinition/resource-information">
        <valueString value="StructureDefinition:extension"/>
      </extension>
      <reference>
        <reference value="StructureDefinition/hiv-care-next-visit"/>
      </reference>
      <name value="Next Appointment Date"/>
      <description value="A date representing the patient's next scheduled appointment."/>
    </resource>
    <resource>
      <extension url="http://hl7.org/fhir/tools/StructureDefinition/resource-information">
        <valueString value="Bundle"/>
      </extension>
      <reference>
        <reference value="Bundle/LabRejection"/>
      </reference>
      <name value="Example Bundle - LabRejection"/>
      <exampleCanonical value="http://openhie.org/fhir/hiv-cbs/StructureDefinition/hiv-lab-task"/>
    </resource>
    <resource>
      <extension url="http://hl7.org/fhir/tools/StructureDefinition/resource-information">
        <valueString value="ValueSet"/>
      </extension>
      <reference>
        <reference value="ValueSet/vs-yes-no"/>
      </reference>
      <name value="Yes No Unknown"/>
      <description value="A list of options used to provide an answer"/>
    </resource>
    <resource>
      <extension url="http://hl7.org/fhir/tools/StructureDefinition/resource-information">
        <valueString value="ValueSet"/>
      </extension>
      <reference>
        <reference value="ValueSet/vs-hiv-recency-test"/>
      </reference>
      <name value="Recency HIV Test"/>
      <description value="Used by the observation to indicate that a HIV recency test was performed."/>
    </resource>
    <resource>
      <extension url="http://hl7.org/fhir/tools/StructureDefinition/resource-information">
        <valueString value="ValueSet"/>
      </extension>
      <reference>
        <reference value="ValueSet/vs-hiv-death"/>
      </reference>
      <name value="Death"/>
      <description value="A list of possible HIV deaths"/>
    </resource>
    <resource>
      <extension url="http://hl7.org/fhir/tools/StructureDefinition/resource-information">
        <valueString value="ValueSet"/>
      </extension>
      <reference>
        <reference value="ValueSet/vs-test-types"/>
      </reference>
      <name value="Test Types"/>
      <description value="A list of HIV test types"/>
    </resource>
    <resource>
      <extension url="http://hl7.org/fhir/tools/StructureDefinition/resource-information">
        <valueString value="Organization"/>
      </extension>
      <reference>
        <reference value="Organization/HIVOrganizationExample"/>
      </reference>
      <name value="Example Organization - HIVOrganizationExample"/>
      <exampleCanonical value="http://openhie.org/fhir/hiv-cbs/StructureDefinition/hiv-organization"/>
    </resource>
    <resource>
      <extension url="http://hl7.org/fhir/tools/StructureDefinition/resource-information">
        <valueString value="ValueSet"/>
      </extension>
      <reference>
        <reference value="ValueSet/vs-artregimen-lines"/>
      </reference>
      <name value="ART Regimen Lines"/>
      <description value="A list of ART regimen therapeutic lines."/>
    </resource>
    <resource>
      <extension url="http://hl7.org/fhir/tools/StructureDefinition/resource-information">
        <valueString value="Task"/>
      </extension>
      <reference>
        <reference value="Task/HIVLabOrderTaskExample"/>
      </reference>
      <name value="Example Task - HIVLabOrderTaskExample"/>
      <exampleCanonical value="http://openhie.org/fhir/hiv-cbs/StructureDefinition/hiv-lab-task"/>
    </resource>
    <resource>
      <extension url="http://hl7.org/fhir/tools/StructureDefinition/resource-information">
        <valueString value="Encounter"/>
      </extension>
      <reference>
        <reference value="Encounter/TargetFacilityEncounterExample"/>
      </reference>
      <name value="Example Encounter - TargetFacilityEncounterExample"/>
      <exampleCanonical value="http://openhie.org/fhir/hiv-cbs/StructureDefinition/target-facility-encounter"/>
    </resource>
    <resource>
      <extension url="http://hl7.org/fhir/tools/StructureDefinition/resource-information">
        <valueString value="ValueSet"/>
      </extension>
      <reference>
        <reference value="ValueSet/vs-specimen-type"/>
      </reference>
      <name value="Specimen Type Used In Viral Load testing"/>
      <description value="A list of specimen types."/>
    </resource>
    <resource>
      <extension url="http://hl7.org/fhir/tools/StructureDefinition/resource-information">
        <valueString value="CarePlan"/>
      </extension>
      <reference>
        <reference value="CarePlan/ARVTreatmentExample"/>
      </reference>
      <name value="Example CarePlan - ARVTreatmentExample"/>
      <exampleCanonical value="http://openhie.org/fhir/hiv-cbs/StructureDefinition/hiv-arv-treatment"/>
    </resource>
    <resource>
      <extension url="http://hl7.org/fhir/tools/StructureDefinition/resource-information">
        <valueString value="EpisodeOfCare"/>
      </extension>
      <reference>
        <reference value="EpisodeOfCare/HIVEpisodeOfCareExample"/>
      </reference>
      <name value="Example EpisodeOfCare - HIVEpisodeOfCareExample"/>
      <exampleCanonical value="http://openhie.org/fhir/hiv-cbs/StructureDefinition/hiv-episode-of-care"/>
    </resource>
    <resource>
      <extension url="http://hl7.org/fhir/tools/StructureDefinition/resource-information">
        <valueString value="ServiceRequest"/>
      </extension>
      <reference>
        <reference value="ServiceRequest/HIVServiceRequestExample"/>
      </reference>
      <name value="Example ServiceRequest - HIVServiceRequestExample"/>
      <exampleCanonical value="http://openhie.org/fhir/hiv-cbs/StructureDefinition/HIV-lab-order"/>
    </resource>
    <resource>
      <extension url="http://hl7.org/fhir/tools/StructureDefinition/resource-information">
        <valueString value="Observation"/>
      </extension>
      <reference>
        <reference value="Observation/HIVRecencyTestDoneExample"/>
      </reference>
      <name value="Example Observation - HIVRecencyTestDoneExample"/>
      <exampleCanonical value="http://openhie.org/fhir/hiv-cbs/StructureDefinition/hiv-recency-test-done"/>
    </resource>
    <resource>
      <extension url="http://hl7.org/fhir/tools/StructureDefinition/resource-information">
        <valueString value="ValueSet"/>
      </extension>
      <reference>
        <reference value="ValueSet/vs-vl-result-code"/>
      </reference>
      <name value="Viral Load Result Code"/>
      <description value="A code used to indicate the category for the lab result."/>
    </resource>
    <resource>
      <extension url="http://hl7.org/fhir/tools/StructureDefinition/resource-information">
        <valueString value="ValueSet"/>
      </extension>
      <reference>
        <reference value="ValueSet/vs-cd4-count"/>
      </reference>
      <name value="CD4 test result code"/>
      <description value="A list of CD4 test result codes"/>
    </resource>
    <resource>
      <extension url="http://hl7.org/fhir/tools/StructureDefinition/resource-information">
        <valueString value="Practitioner"/>
      </extension>
      <reference>
        <reference value="Practitioner/PractitionerExample"/>
      </reference>
      <name value="Example Practitioner - PractitionerExample"/>
      <exampleCanonical value="http://openhie.org/fhir/hiv-cbs/StructureDefinition/hiv-practitioner"/>
    </resource>
    <resource>
      <extension url="http://hl7.org/fhir/tools/StructureDefinition/resource-information">
        <valueString value="StructureDefinition:resource"/>
      </extension>
      <reference>
        <reference value="StructureDefinition/hiv-recency-test-done"/>
      </reference>
      <name value="HIV Recency Test"/>
      <description value="This profile is to record the HIV recency testing data for a patient."/>
    </resource>
    <resource>
      <extension url="http://hl7.org/fhir/tools/StructureDefinition/resource-information">
        <valueString value="ValueSet"/>
      </extension>
      <reference>
        <reference value="ValueSet/vs-arvtreatment-activity-type"/>
      </reference>
      <name value="ARV Treatment Medication Request"/>
      <description value="Codes used to represent a medication request for ART."/>
    </resource>
    <resource>
      <extension url="http://hl7.org/fhir/tools/StructureDefinition/resource-information">
        <valueString value="ValueSet"/>
      </extension>
      <reference>
        <reference value="ValueSet/vs-key-population-status"/>
      </reference>
      <name value="Key Population Status"/>
      <description value="A list of key population types"/>
    </resource>
    <resource>
      <extension url="http://hl7.org/fhir/tools/StructureDefinition/resource-information">
        <valueString value="StructureDefinition:resource"/>
      </extension>
      <reference>
        <reference value="StructureDefinition/HIV-lab-order"/>
      </reference>
      <name value="Lab Order"/>
      <description value="A service request that initiates the need for the lab to collect the test sample."/>
    </resource>
    <resource>
      <extension url="http://hl7.org/fhir/tools/StructureDefinition/resource-information">
        <valueString value="StructureDefinition:resource"/>
      </extension>
      <reference>
        <reference value="StructureDefinition/hiv-recency-test-result"/>
      </reference>
      <name value="HIV Recency Test Result"/>
      <description value="This profile is to record the HIV recency test result data for a patient."/>
    </resource>
    <resource>
      <extension url="http://hl7.org/fhir/tools/StructureDefinition/resource-information">
        <valueString value="Encounter"/>
      </extension>
      <reference>
        <reference value="Encounter/TransferringFacilityEncounterExample"/>
      </reference>
      <name value="Example Encounter - TransferringFacilityEncounterExample"/>
      <exampleCanonical value="http://openhie.org/fhir/hiv-cbs/StructureDefinition/transferring-facility-encounter"/>
    </resource>
    <page>
      <extension url="http://hl7.org/fhir/tools/StructureDefinition/ig-page-name">
        <valueUrl value="toc.html"/>
      </extension>
      <nameUrl value="toc.html"/>
      <title value="Table of Contents"/>
      <generation value="html"/>
      <page>
        <extension url="http://hl7.org/fhir/tools/StructureDefinition/ig-page-name">
          <valueUrl value="index.html"/>
        </extension>
        <nameUrl value="index.html"/>
        <title value="HIV Case Reporting"/>
        <generation value="html"/>
      </page>
      <page>
        <extension url="http://hl7.org/fhir/tools/StructureDefinition/ig-page-name">
          <valueUrl value="bussiness-description.html"/>
        </extension>
        <nameUrl value="bussiness-description.html"/>
        <title value="Business Description"/>
        <generation value="html"/>
        <page>
          <extension url="http://hl7.org/fhir/tools/StructureDefinition/ig-page-name">
            <valueUrl value="requirements.html"/>
          </extension>
          <nameUrl value="requirements.html"/>
          <title value="Functional Requirements"/>
          <generation value="html"/>
          <page>
            <extension url="http://hl7.org/fhir/tools/StructureDefinition/ig-page-name">
              <valueUrl value="use-cases.html"/>
            </extension>
            <nameUrl value="use-cases.html"/>
            <title value="Use Cases"/>
            <generation value="html"/>
          </page>
        </page>
        <page>
          <extension url="http://hl7.org/fhir/tools/StructureDefinition/ig-page-name">
            <valueUrl value="personas.html"/>
          </extension>
          <nameUrl value="personas.html"/>
          <title value="Personas"/>
          <generation value="html"/>
        </page>
        <page>
          <extension url="http://hl7.org/fhir/tools/StructureDefinition/ig-page-name">
            <valueUrl value="workflows.html"/>
          </extension>
          <nameUrl value="workflows.html"/>
          <title value="Usage Workflows"/>
          <generation value="html"/>
        </page>
      </page>
      <page>
        <extension url="http://hl7.org/fhir/tools/StructureDefinition/ig-page-name">
          <valueUrl value="deployment.html"/>
        </extension>
        <nameUrl value="deployment.html"/>
        <title value="Deployment &amp; Use"/>
        <generation value="html"/>
        <page>
          <extension url="http://hl7.org/fhir/tools/StructureDefinition/ig-page-name">
            <valueUrl value="bundles.html"/>
          </extension>
          <nameUrl value="bundles.html"/>
          <title value="Message Bundles"/>
          <generation value="html"/>
          <page>
            <extension url="http://hl7.org/fhir/tools/StructureDefinition/ig-page-name">
              <valueUrl value="emr-bundle.html"/>
            </extension>
            <nameUrl value="emr-bundle.html"/>
            <title value="EMR Bundle"/>
            <generation value="html"/>
          </page>
          <page>
            <extension url="http://hl7.org/fhir/tools/StructureDefinition/ig-page-name">
              <valueUrl value="lab-order-bundle.html"/>
            </extension>
            <nameUrl value="lab-order-bundle.html"/>
            <title value="Lab Order Bundle"/>
            <generation value="html"/>
          </page>
          <page>
            <extension url="http://hl7.org/fhir/tools/StructureDefinition/ig-page-name">
              <valueUrl value="lab-result-bundle.html"/>
            </extension>
            <nameUrl value="lab-result-bundle.html"/>
            <title value="Lab Result Bundle"/>
            <generation value="html"/>
          </page>
          <page>
            <extension url="http://hl7.org/fhir/tools/StructureDefinition/ig-page-name">
              <valueUrl value="lab-cancellation-bundle.html"/>
            </extension>
            <nameUrl value="lab-cancellation-bundle.html"/>
            <title value="Lab Cancellation Bundle"/>
            <generation value="html"/>
          </page>
          <page>
            <extension url="http://hl7.org/fhir/tools/StructureDefinition/ig-page-name">
              <valueUrl value="lab-rejection-bundle.html"/>
            </extension>
            <nameUrl value="lab-rejection-bundle.html"/>
            <title value="Lab Rejection Bundle"/>
            <generation value="html"/>
          </page>
        </page>
        <page>
          <extension url="http://hl7.org/fhir/tools/StructureDefinition/ig-page-name">
            <valueUrl value="security-privacy.html"/>
          </extension>
          <nameUrl value="security-privacy.html"/>
          <title value="Security &amp; Privacy"/>
          <generation value="html"/>
        </page>
        <page>
          <extension url="http://hl7.org/fhir/tools/StructureDefinition/ig-page-name">
            <valueUrl value="testing.html"/>
          </extension>
          <nameUrl value="testing.html"/>
          <title value="Testing"/>
          <generation value="html"/>
        </page>
      </page>
      <page>
        <extension url="http://hl7.org/fhir/tools/StructureDefinition/ig-page-name">
          <valueUrl value="referenced-sources.html"/>
        </extension>
        <nameUrl value="referenced-sources.html"/>
        <title value="References"/>
        <generation value="html"/>
      </page>
      <page>
        <extension url="http://hl7.org/fhir/tools/StructureDefinition/ig-page-name">
          <valueUrl value="changes.html"/>
        </extension>
        <nameUrl value="changes.html"/>
        <title value="IG Change History"/>
        <generation value="html"/>
      </page>
    </page>
    <parameter>
      <code value="path-resource"/>
      <value value="input\history"/>
    </parameter>
    <parameter>
      <code value="path-resource"/>
      <value value="input\scenarios"/>
    </parameter>
    <parameter>
      <code value="path-resource"/>
      <value value="input/capabilities"/>
    </parameter>
    <parameter>
      <code value="path-resource"/>
      <value value="input/examples"/>
    </parameter>
    <parameter>
      <code value="path-resource"/>
      <value value="input/extensions"/>
    </parameter>
    <parameter>
      <code value="path-resource"/>
      <value value="input/models"/>
    </parameter>
    <parameter>
      <code value="path-resource"/>
      <value value="input/operations"/>
    </parameter>
    <parameter>
      <code value="path-resource"/>
      <value value="input/profiles"/>
    </parameter>
    <parameter>
      <code value="path-resource"/>
      <value value="input/resources"/>
    </parameter>
    <parameter>
      <code value="path-resource"/>
      <value value="input/vocabulary"/>
    </parameter>
    <parameter>
      <code value="path-resource"/>
      <value value="input/testing"/>
    </parameter>
    <parameter>
      <code value="path-resource"/>
      <value value="input/history"/>
    </parameter>
    <parameter>
      <code value="path-resource"/>
      <value value="fsh-generated/resources"/>
    </parameter>
    <parameter>
      <code value="path-pages"/>
      <value value="template/config"/>
    </parameter>
    <parameter>
      <code value="path-pages"/>
      <value value="input/images"/>
    </parameter>
    <parameter>
      <code value="path-tx-cache"/>
      <value value="input-cache/txcache"/>
    </parameter>
  </definition>
</ImplementationGuide>