<?xml version="1.0" encoding="UTF-8"?>

<ValueSet xmlns="http://hl7.org/fhir">
  <id value="vs-hiv-cause-of-death"/>
  <text>
    <status value="generated"/><div xmlns="http://www.w3.org/1999/xhtml"><ul><li>Include these codes as defined in <a href="http://loinc.org"><code>http://loinc.org</code></a><table class="none"><tr><td style="white-space:nowrap"><b>Code</b></td><td><b>Display</b></td></tr><tr><td><a href="https://loinc.org/80359-3/">80359-3</a></td><td>Cause of death.underlying [Manual]</td></tr><tr><td><a href="https://loinc.org/69441-4/">69441-4</a></td><td>Other significant causes or conditions of death</td></tr></table></li></ul></div>
  </text>
  <url value="http://openhie.org/fhir/hiv-cbs/ValueSet/vs-hiv-cause-of-death"/>
  <version value="0.2.0"/>
  <name value="VSHIVCauseOfDeath"/>
  <title value="Causes of Death"/>
  <status value="active"/>
  <experimental value="false"/>
  <date value="2023-03-06T08:14:15+00:00"/>
  <publisher value="Jembi Health Systems"/>
  <contact>
    <telecom>
      <system value="url"/>
      <value value="https://www.jembi.org"/>
    </telecom>
    <telecom>
      <system value="email"/>
      <value value="info@jembi.org"/>
    </telecom>
  </contact>
  <description value="A list of possible HIV causes of deaths"/>
  <jurisdiction>
    <coding>
      <system value="http://unstats.un.org/unsd/methods/m49/m49.htm"/>
      <code value="001"/>
    </coding>
  </jurisdiction>
  <compose>
    <include>
      <system value="http://loinc.org"/>
      <concept>
        <code value="80359-3"/>
        <display value="Cause of death.underlying [Manual]"/>
      </concept>
      <concept>
        <code value="69441-4"/>
        <display value="Other significant causes or conditions of death"/>
      </concept>
    </include>
  </compose>
</ValueSet>