{
  "resourceType" : "CodeSystem",
  "id" : "cs-hiv-recency-status",
  "text" : {
    "status" : "generated",
    "div" : "<div xmlns=\"http://www.w3.org/1999/xhtml\"><p>This code system <code>http://openhie.org/fhir/hiv-cbs/CodeSystem/cs-hiv-recency-status</code> defines the following codes:</p><table class=\"codes\"><tr><td style=\"white-space:nowrap\"><b>Code</b></td><td><b>Display</b></td></tr><tr><td style=\"white-space:nowrap\">Recent<a name=\"cs-hiv-recency-status-Recent\"> </a></td><td>Recent</td></tr><tr><td style=\"white-space:nowrap\">Not-Recent<a name=\"cs-hiv-recency-status-Not-Recent\"> </a></td><td>Not Recent</td></tr></table></div>"
  },
  "url" : "http://openhie.org/fhir/hiv-cbs/CodeSystem/cs-hiv-recency-status",
  "version" : "0.2.0",
  "name" : "CSHIVRecencyStatus",
  "title" : "HIV Recency Testing Status",
  "status" : "active",
  "experimental" : false,
  "date" : "2023-02-22T12:55:56+00:00",
  "publisher" : "Jembi Health Systems",
  "contact" : [{
    "telecom" : [{
      "system" : "url",
      "value" : "https://www.jembi.org"
    },
    {
      "system" : "email",
      "value" : "info@jembi.org"
    }]
  }],
  "description" : "A list of HIV recency statuses",
  "jurisdiction" : [{
    "coding" : [{
      "system" : "http://unstats.un.org/unsd/methods/m49/m49.htm",
      "code" : "001"
    }]
  }],
  "caseSensitive" : true,
  "content" : "complete",
  "count" : 2,
  "concept" : [{
    "code" : "Recent",
    "display" : "Recent"
  },
  {
    "code" : "Not-Recent",
    "display" : "Not Recent"
  }]
}