{"resourceType":"ValueSet","id":"vs-yes-no","text":{"status":"generated","div":"<div xmlns=\"http://www.w3.org/1999/xhtml\"><ul><li>Include these codes as defined in <a href=\"http://www.snomed.org/\"><code>http://snomed.info/sct</code></a><table class=\"none\"><tr><td style=\"white-space:nowrap\"><b>Code</b></td><td><b>Display</b></td></tr><tr><td><a href=\"http://snomed.info/id/373066001\">373066001</a></td><td>Yes</td></tr><tr><td><a href=\"http://snomed.info/id/373067005\">373067005</a></td><td>No</td></tr><tr><td><a href=\"http://snomed.info/id/261665006\">261665006</a></td><td>Unknown</td></tr></table></li></ul></div>"},"url":"http://openhie.org/fhir/hiv-cbs/ValueSet/vs-yes-no","version":"0.2.0","name":"VSYesNoUnknown","title":"Yes No Unknown","status":"active","experimental":false,"date":"2023-03-06T09:55:26+00:00","publisher":"Jembi Health Systems","contact":[{"telecom":[{"system":"url","value":"https://www.jembi.org"},{"system":"email","value":"info@jembi.org"}]}],"description":"A list of options used to provide an answer","jurisdiction":[{"coding":[{"system":"http://unstats.un.org/unsd/methods/m49/m49.htm","code":"001"}]}],"compose":{"include":[{"system":"http://snomed.info/sct","concept":[{"code":"373066001","display":"Yes"},{"code":"373067005","display":"No"},{"code":"261665006","display":"Unknown"}]}]}}