<?xml version="1.0" encoding="UTF-8"?>

<ValueSet xmlns="http://hl7.org/fhir">
  <id value="vs-arvtreatment-activity-type"/>
  <text>
    <status value="generated"/><div xmlns="http://www.w3.org/1999/xhtml"><ul><li>Include these codes as defined in <a href="http://loinc.org"><code>http://loinc.org</code></a><table class="none"><tr><td style="white-space:nowrap"><b>Code</b></td><td><b>Display</b></td></tr><tr><td><a href="https://loinc.org/45260-7/">45260-7</a></td><td>HIV ART medication</td></tr></table></li></ul></div>
  </text>
  <url value="http://openhie.org/fhir/hiv-cbs/ValueSet/vs-arvtreatment-activity-type"/>
  <version value="0.2.0"/>
  <name value="VSARVMedicationRequest"/>
  <title value="ARV Treatment Medication Request"/>
  <status value="active"/>
  <experimental value="false"/>
  <date value="2023-02-23T14:06:14+00:00"/>
  <publisher value="Jembi Health Systems"/>
  <contact>
    <telecom>
      <system value="url"/>
      <value value="https://www.jembi.org"/>
    </telecom>
    <telecom>
      <system value="email"/>
      <value value="info@jembi.org"/>
    </telecom>
  </contact>
  <description value="Codes used to represent a medication request for ART."/>
  <jurisdiction>
    <coding>
      <system value="http://unstats.un.org/unsd/methods/m49/m49.htm"/>
      <code value="001"/>
    </coding>
  </jurisdiction>
  <compose>
    <include>
      <system value="http://loinc.org"/>
      <concept>
        <code value="45260-7"/>
        <display value="HIV ART medication"/>
      </concept>
    </include>
  </compose>
</ValueSet>