{
  "resourceType" : "Bundle",
  "id" : "e3c5e070-55ed-438b-bffb-3a6fdb3162e6",
  "meta" : {
    "lastUpdated" : "2023-03-03T14:37:52.773+00:00"
  },
  "type" : "collection",
  "entry" : [{
    "fullUrl" : "http://openhie.org/fhir/hiv-cbs/ValueSet/vs-hiv-recency-test-result",
    "resource" : {
      "resourceType" : "ValueSet",
      "id" : "vs-hiv-recency-test-result",
      "text" : {
        "status" : "generated",
        "div" : "<div xmlns=\"http://www.w3.org/1999/xhtml\"><p>This value set contains 1 concepts</p><p style=\"border: black 1px dotted; background-color: #EEEEEE; padding: 8px; margin-bottom: 8px\">Expansion based on SNOMED CT International edition 31-Jul 2022</p><table class=\"codes\"><tr><td style=\"white-space:nowrap\"><b>Code</b></td><td><b>System</b></td><td><b>Display</b></td></tr><tr><td style=\"white-space:nowrap\"><a name=\"http---snomed.info-sct-118246004\"> </a>  <a href=\"http://snomed.info/id/118246004\">118246004</a></td><td>http://snomed.info/sct</td><td>Laboratory test finding (navigational concept)</td></tr></table></div>"
      },
      "url" : "http://openhie.org/fhir/hiv-cbs/ValueSet/vs-hiv-recency-test-result",
      "version" : "0.2.0",
      "name" : "VSHIVRecencyTestResult",
      "title" : "Recency HIV Test Result",
      "status" : "active",
      "experimental" : false,
      "date" : "2023-03-03T14:37:52+00:00",
      "publisher" : "Jembi Health Systems",
      "contact" : [{
        "telecom" : [{
          "system" : "url",
          "value" : "https://www.jembi.org"
        },
        {
          "system" : "email",
          "value" : "info@jembi.org"
        }]
      }],
      "description" : "A list of HIV recency test result codes.",
      "jurisdiction" : [{
        "coding" : [{
          "system" : "http://unstats.un.org/unsd/methods/m49/m49.htm",
          "code" : "001"
        }]
      }],
      "expansion" : {
        "identifier" : "urn:uuid:8353483b-6bab-4ba6-86e1-12feecb860d4",
        "timestamp" : "2023-03-03T14:38:47+00:00",
        "total" : 1,
        "parameter" : [{
          "name" : "excludeNested",
          "valueBoolean" : false
        },
        {
          "name" : "limitedExpansion",
          "valueBoolean" : true
        },
        {
          "name" : "version",
          "valueUri" : "http://snomed.info/sct|http://snomed.info/sct/900000000000207008/version/20220731"
        }],
        "contains" : [{
          "system" : "http://snomed.info/sct",
          "code" : "118246004",
          "display" : "Laboratory test finding (navigational concept)"
        }]
      }
    }
  },
  {
    "fullUrl" : "http://openhie.org/fhir/hiv-cbs/ValueSet/vs-reason-sample-cancelled-or-rejected",
    "resource" : {
      "resourceType" : "ValueSet",
      "id" : "vs-reason-sample-cancelled-or-rejected",
      "text" : {
        "status" : "generated",
        "div" : "<div xmlns=\"http://www.w3.org/1999/xhtml\"><p>This value set contains 3 concepts</p><p style=\"border: black 1px dotted; background-color: #EEEEEE; padding: 8px; margin-bottom: 8px\">Expansion based on SNOMED CT International edition 31-Jul 2022</p><table class=\"codes\"><tr><td style=\"white-space:nowrap\"><b>Code</b></td><td><b>System</b></td><td><b>Display</b></td></tr><tr><td style=\"white-space:nowrap\"><a name=\"http---snomed.info-sct-281264009\"> </a>  <a href=\"http://snomed.info/id/281264009\">281264009</a></td><td>http://snomed.info/sct</td><td>Inappropriate bottle or container for sample (finding)</td></tr><tr><td style=\"white-space:nowrap\"><a name=\"http---snomed.info-sct-281266006\"> </a>  <a href=\"http://snomed.info/id/281266006\">281266006</a></td><td>http://snomed.info/sct</td><td>No sample received (finding)</td></tr><tr><td style=\"white-space:nowrap\"><a name=\"http---snomed.info-sct-135839007\"> </a>  <a href=\"http://snomed.info/id/135839007\">135839007</a></td><td>http://snomed.info/sct</td><td>Sample rejected (finding)</td></tr></table></div>"
      },
      "url" : "http://openhie.org/fhir/hiv-cbs/ValueSet/vs-reason-sample-cancelled-or-rejected",
      "version" : "0.2.0",
      "name" : "VSReasonForSampleCancellationOrRejection",
      "title" : "Reasons why a lab order was cancelled or rejected",
      "status" : "active",
      "experimental" : false,
      "date" : "2023-03-03T14:37:52+00:00",
      "publisher" : "Jembi Health Systems",
      "contact" : [{
        "telecom" : [{
          "system" : "url",
          "value" : "https://www.jembi.org"
        },
        {
          "system" : "email",
          "value" : "info@jembi.org"
        }]
      }],
      "description" : "Reasons why a lab order was cancelled or rejected.",
      "jurisdiction" : [{
        "coding" : [{
          "system" : "http://unstats.un.org/unsd/methods/m49/m49.htm",
          "code" : "001"
        }]
      }],
      "expansion" : {
        "identifier" : "urn:uuid:ad6f8017-3b96-476e-bf1e-87c1f3129e09",
        "timestamp" : "2023-03-03T14:38:50+00:00",
        "total" : 3,
        "parameter" : [{
          "name" : "excludeNested",
          "valueBoolean" : false
        },
        {
          "name" : "limitedExpansion",
          "valueBoolean" : true
        },
        {
          "name" : "version",
          "valueUri" : "http://snomed.info/sct|http://snomed.info/sct/900000000000207008/version/20220731"
        }],
        "contains" : [{
          "system" : "http://snomed.info/sct",
          "code" : "281264009",
          "display" : "Inappropriate bottle or container for sample (finding)"
        },
        {
          "system" : "http://snomed.info/sct",
          "code" : "281266006",
          "display" : "No sample received (finding)"
        },
        {
          "system" : "http://snomed.info/sct",
          "code" : "135839007",
          "display" : "Sample rejected (finding)"
        }]
      }
    }
  },
  {
    "fullUrl" : "http://openhie.org/fhir/hiv-cbs/ValueSet/vs-hiv-test-done",
    "resource" : {
      "resourceType" : "ValueSet",
      "id" : "vs-hiv-test-done",
      "text" : {
        "status" : "generated",
        "div" : "<div xmlns=\"http://www.w3.org/1999/xhtml\"><p>This value set contains 1 concepts</p><p style=\"border: black 1px dotted; background-color: #EEEEEE; padding: 8px; margin-bottom: 8px\">Expansion based on SNOMED CT International edition 31-Jul 2022</p><table class=\"codes\"><tr><td style=\"white-space:nowrap\"><b>Code</b></td><td><b>System</b></td><td><b>Display</b></td></tr><tr><td style=\"white-space:nowrap\"><a name=\"http---snomed.info-sct-315124004\"> </a>  <a href=\"http://snomed.info/id/315124004\">315124004</a></td><td>http://snomed.info/sct</td><td>Human immunodeficiency virus viral load (procedure)</td></tr></table></div>"
      },
      "url" : "http://openhie.org/fhir/hiv-cbs/ValueSet/vs-hiv-test-done",
      "version" : "0.2.0",
      "name" : "VSHIVTestDone",
      "title" : "HIV Test Done",
      "status" : "active",
      "experimental" : false,
      "date" : "2023-03-03T14:37:52+00:00",
      "publisher" : "Jembi Health Systems",
      "contact" : [{
        "telecom" : [{
          "system" : "url",
          "value" : "https://www.jembi.org"
        },
        {
          "system" : "email",
          "value" : "info@jembi.org"
        }]
      }],
      "description" : "Used by the observation to indicate that a HIV test was performed.",
      "jurisdiction" : [{
        "coding" : [{
          "system" : "http://unstats.un.org/unsd/methods/m49/m49.htm",
          "code" : "001"
        }]
      }],
      "expansion" : {
        "identifier" : "urn:uuid:4ade7b0d-de05-40b7-8f72-84c6b62f94e5",
        "timestamp" : "2023-03-03T14:38:51+00:00",
        "total" : 1,
        "parameter" : [{
          "name" : "excludeNested",
          "valueBoolean" : false
        },
        {
          "name" : "limitedExpansion",
          "valueBoolean" : true
        },
        {
          "name" : "version",
          "valueUri" : "http://snomed.info/sct|http://snomed.info/sct/900000000000207008/version/20220731"
        }],
        "contains" : [{
          "system" : "http://snomed.info/sct",
          "code" : "315124004",
          "display" : "Human immunodeficiency virus viral load (procedure)"
        }]
      }
    }
  },
  {
    "fullUrl" : "http://openhie.org/fhir/hiv-cbs/ValueSet/vs-hiv-recency-status",
    "resource" : {
      "resourceType" : "ValueSet",
      "id" : "vs-hiv-recency-status",
      "text" : {
        "status" : "generated",
        "div" : "<div xmlns=\"http://www.w3.org/1999/xhtml\"><p>This value set contains 2 concepts</p><p style=\"border: black 1px dotted; background-color: #EEEEEE; padding: 8px; margin-bottom: 8px\">Expansion based on SNOMED CT International edition 31-Jul 2022</p><table class=\"codes\"><tr><td style=\"white-space:nowrap\"><b>Code</b></td><td><b>System</b></td><td><b>Display</b></td></tr><tr><td style=\"white-space:nowrap\"><a name=\"http---snomed.info-sct-6493001\"> </a>  <a href=\"http://snomed.info/id/6493001\">6493001</a></td><td>http://snomed.info/sct</td><td>Recent (qualifier value)</td></tr><tr><td style=\"white-space:nowrap\"><a name=\"http---snomed.info-sct-307294006\"> </a>  <a href=\"http://snomed.info/id/307294006\">307294006</a></td><td>http://snomed.info/sct</td><td>Personal history finding (finding)</td></tr></table></div>"
      },
      "url" : "http://openhie.org/fhir/hiv-cbs/ValueSet/vs-hiv-recency-status",
      "version" : "0.2.0",
      "name" : "VSHIVRecencyStatus",
      "title" : "HIV Recency Testing Status",
      "status" : "active",
      "experimental" : false,
      "date" : "2023-03-03T14:37:52+00:00",
      "publisher" : "Jembi Health Systems",
      "contact" : [{
        "telecom" : [{
          "system" : "url",
          "value" : "https://www.jembi.org"
        },
        {
          "system" : "email",
          "value" : "info@jembi.org"
        }]
      }],
      "description" : "A list of HIV recency statuses",
      "jurisdiction" : [{
        "coding" : [{
          "system" : "http://unstats.un.org/unsd/methods/m49/m49.htm",
          "code" : "001"
        }]
      }],
      "expansion" : {
        "identifier" : "urn:uuid:90f20749-5553-4a3e-b7ec-88d6a03207bd",
        "timestamp" : "2023-03-03T14:38:53+00:00",
        "total" : 2,
        "parameter" : [{
          "name" : "excludeNested",
          "valueBoolean" : false
        },
        {
          "name" : "limitedExpansion",
          "valueBoolean" : true
        },
        {
          "name" : "version",
          "valueUri" : "http://snomed.info/sct|http://snomed.info/sct/900000000000207008/version/20220731"
        }],
        "contains" : [{
          "system" : "http://snomed.info/sct",
          "code" : "6493001",
          "display" : "Recent (qualifier value)"
        },
        {
          "system" : "http://snomed.info/sct",
          "code" : "307294006",
          "display" : "Personal history finding (finding)"
        }]
      }
    }
  },
  {
    "fullUrl" : "http://openhie.org/fhir/hiv-cbs/ValueSet/vs-vl-suppression",
    "resource" : {
      "resourceType" : "ValueSet",
      "id" : "vs-vl-suppression",
      "text" : {
        "status" : "generated",
        "div" : "<div xmlns=\"http://www.w3.org/1999/xhtml\"><p>This value set contains 3 concepts</p><p style=\"border: black 1px dotted; background-color: #EEEEEE; padding: 8px; margin-bottom: 8px\">Expansion based on SNOMED CT International edition 31-Jul 2022</p><table class=\"codes\"><tr><td style=\"white-space:nowrap\"><b>Code</b></td><td><b>System</b></td><td><b>Display</b></td></tr><tr><td style=\"white-space:nowrap\"><a name=\"http---snomed.info-sct-245780008\"> </a>  <a href=\"http://snomed.info/id/245780008\">245780008</a></td><td>http://snomed.info/sct</td><td>Suppressed (qualifier value)</td></tr><tr><td style=\"white-space:nowrap\"><a name=\"http---snomed.info-sct-19032002\"> </a>  <a href=\"http://snomed.info/id/19032002\">19032002</a></td><td>http://snomed.info/sct</td><td>Uncontrolled (qualifier value)</td></tr><tr><td style=\"white-space:nowrap\"><a name=\"http---snomed.info-sct-261665006\"> </a>  <a href=\"http://snomed.info/id/261665006\">261665006</a></td><td>http://snomed.info/sct</td><td>Unknown (qualifier value)</td></tr></table></div>"
      },
      "url" : "http://openhie.org/fhir/hiv-cbs/ValueSet/vs-vl-suppression",
      "version" : "0.2.0",
      "name" : "VSVLSuppression",
      "title" : "Viral Load Suppressions Status",
      "status" : "active",
      "experimental" : false,
      "date" : "2023-03-03T14:37:52+00:00",
      "publisher" : "Jembi Health Systems",
      "contact" : [{
        "telecom" : [{
          "system" : "url",
          "value" : "https://www.jembi.org"
        },
        {
          "system" : "email",
          "value" : "info@jembi.org"
        }]
      }],
      "description" : "Describes a patient's current viral load status.",
      "jurisdiction" : [{
        "coding" : [{
          "system" : "http://unstats.un.org/unsd/methods/m49/m49.htm",
          "code" : "001"
        }]
      }],
      "expansion" : {
        "identifier" : "urn:uuid:024f716a-7382-4f4d-b1da-eb64badee842",
        "timestamp" : "2023-03-03T14:38:53+00:00",
        "total" : 3,
        "parameter" : [{
          "name" : "excludeNested",
          "valueBoolean" : false
        },
        {
          "name" : "limitedExpansion",
          "valueBoolean" : true
        },
        {
          "name" : "version",
          "valueUri" : "http://snomed.info/sct|http://snomed.info/sct/900000000000207008/version/20220731"
        }],
        "contains" : [{
          "system" : "http://snomed.info/sct",
          "code" : "245780008",
          "display" : "Suppressed (qualifier value)"
        },
        {
          "system" : "http://snomed.info/sct",
          "code" : "19032002",
          "display" : "Uncontrolled (qualifier value)"
        },
        {
          "system" : "http://snomed.info/sct",
          "code" : "261665006",
          "display" : "Unknown (qualifier value)"
        }]
      }
    }
  },
  {
    "fullUrl" : "http://openhie.org/fhir/hiv-cbs/ValueSet/vs-arv-regimen",
    "resource" : {
      "resourceType" : "ValueSet",
      "id" : "vs-arv-regimen",
      "text" : {
        "status" : "generated",
        "div" : "<div xmlns=\"http://www.w3.org/1999/xhtml\"><p>This value set contains 21 concepts</p><p style=\"border: black 1px dotted; background-color: #EEEEEE; padding: 8px; margin-bottom: 8px\">Expansion based on SNOMED CT International edition 31-Jul 2022</p><table class=\"codes\"><tr><td style=\"white-space:nowrap\"><b>Code</b></td><td><b>System</b></td><td><b>Display</b></td></tr><tr><td style=\"white-space:nowrap\"><a name=\"http---snomed.info-sct-387105006\"> </a>  <a href=\"http://snomed.info/id/387105006\">387105006</a></td><td>http://snomed.info/sct</td><td>Didanosine (DDI)</td></tr><tr><td style=\"white-space:nowrap\"><a name=\"http---snomed.info-sct-387005008\"> </a>  <a href=\"http://snomed.info/id/387005008\">387005008</a></td><td>http://snomed.info/sct</td><td>Abacavir (ABC)</td></tr><tr><td style=\"white-space:nowrap\"><a name=\"http---snomed.info-sct-772188001\"> </a>  <a href=\"http://snomed.info/id/772188001\">772188001</a></td><td>http://snomed.info/sct</td><td>Abacavir and lamivudine (ABC + 3TC)</td></tr><tr><td style=\"white-space:nowrap\"><a name=\"http---snomed.info-sct-427314002\"> </a>  <a href=\"http://snomed.info/id/427314002\">427314002</a></td><td>http://snomed.info/sct</td><td>ABC + 3TC + ATV/r</td></tr><tr><td style=\"white-space:nowrap\"><a name=\"http---snomed.info-sct-878898002\"> </a>  <a href=\"http://snomed.info/id/878898002\">878898002</a></td><td>http://snomed.info/sct</td><td>Atazanavir/ritonavir (ATV/r)</td></tr><tr><td style=\"white-space:nowrap\"><a name=\"http---snomed.info-sct-713464000\"> </a>  <a href=\"http://snomed.info/id/713464000\">713464000</a></td><td>http://snomed.info/sct</td><td>Dolutegravir (DTG)</td></tr><tr><td style=\"white-space:nowrap\"><a name=\"http---snomed.info-sct-387001004\"> </a>  <a href=\"http://snomed.info/id/387001004\">387001004</a></td><td>http://snomed.info/sct</td><td>Efavirenz (EFV)</td></tr><tr><td style=\"white-space:nowrap\"><a name=\"http---snomed.info-sct-404856006\"> </a>  <a href=\"http://snomed.info/id/404856006\">404856006</a></td><td>http://snomed.info/sct</td><td>Emtricitabine (FTC)</td></tr><tr><td style=\"white-space:nowrap\"><a name=\"http---snomed.info-sct-432121008\"> </a>  <a href=\"http://snomed.info/id/432121008\">432121008</a></td><td>http://snomed.info/sct</td><td>Etravirine (ETV)</td></tr><tr><td style=\"white-space:nowrap\"><a name=\"http---snomed.info-sct-386897000\"> </a>  <a href=\"http://snomed.info/id/386897000\">386897000</a></td><td>http://snomed.info/sct</td><td>Lamivudine (3TC)</td></tr><tr><td style=\"white-space:nowrap\"><a name=\"http---snomed.info-sct-776569000\"> </a>  <a href=\"http://snomed.info/id/776569000\">776569000</a></td><td>http://snomed.info/sct</td><td>Lopinavir/ritonavir (LPV/r)</td></tr><tr><td style=\"white-space:nowrap\"><a name=\"http---snomed.info-sct-386898005\"> </a>  <a href=\"http://snomed.info/id/386898005\">386898005</a></td><td>http://snomed.info/sct</td><td>Nevirapine (NVP)</td></tr><tr><td style=\"white-space:nowrap\"><a name=\"http---snomed.info-sct-429707008\"> </a>  <a href=\"http://snomed.info/id/429707008\">429707008</a></td><td>http://snomed.info/sct</td><td>Raltegravir (RAL)</td></tr><tr><td style=\"white-space:nowrap\"><a name=\"http---snomed.info-sct-703123005\"> </a>  <a href=\"http://snomed.info/id/703123005\">703123005</a></td><td>http://snomed.info/sct</td><td>Rilpivirine (RIL)</td></tr><tr><td style=\"white-space:nowrap\"><a name=\"http---snomed.info-sct-386896009\"> </a>  <a href=\"http://snomed.info/id/386896009\">386896009</a></td><td>http://snomed.info/sct</td><td>Ritonavir (RTV)</td></tr><tr><td style=\"white-space:nowrap\"><a name=\"http---snomed.info-sct-386895008\"> </a>  <a href=\"http://snomed.info/id/386895008\">386895008</a></td><td>http://snomed.info/sct</td><td>Stavudine (D4T)</td></tr><tr><td style=\"white-space:nowrap\"><a name=\"http---snomed.info-sct-422091007\"> </a>  <a href=\"http://snomed.info/id/422091007\">422091007</a></td><td>http://snomed.info/sct</td><td>Tenofovir (TDF)</td></tr><tr><td style=\"white-space:nowrap\"><a name=\"http---snomed.info-sct-421203005\"> </a>  <a href=\"http://snomed.info/id/421203005\">421203005</a></td><td>http://snomed.info/sct</td><td>Tenofovir disoproxil (TDF)</td></tr><tr><td style=\"white-space:nowrap\"><a name=\"http---snomed.info-sct-414091005\"> </a>  <a href=\"http://snomed.info/id/414091005\">414091005</a></td><td>http://snomed.info/sct</td><td>Tenofovir disoproxil and emtricitabine (TDF + FTC)</td></tr><tr><td style=\"white-space:nowrap\"><a name=\"http---snomed.info-sct-387151007\"> </a>  <a href=\"http://snomed.info/id/387151007\">387151007</a></td><td>http://snomed.info/sct</td><td>Zidovudine (AZT)</td></tr><tr><td style=\"white-space:nowrap\"><a name=\"http---snomed.info-sct-776469003\"> </a>  <a href=\"http://snomed.info/id/776469003\">776469003</a></td><td>http://snomed.info/sct</td><td>Zidovudine and lamivudine (AZT + 3TC)</td></tr></table></div>"
      },
      "url" : "http://openhie.org/fhir/hiv-cbs/ValueSet/vs-arv-regimen",
      "version" : "0.2.0",
      "name" : "VSARVRegimen",
      "title" : "A list of ARV regimen",
      "status" : "active",
      "experimental" : false,
      "date" : "2023-03-03T14:37:52+00:00",
      "publisher" : "Jembi Health Systems",
      "contact" : [{
        "telecom" : [{
          "system" : "url",
          "value" : "https://www.jembi.org"
        },
        {
          "system" : "email",
          "value" : "info@jembi.org"
        }]
      }],
      "description" : "A list of ARV regimen.",
      "jurisdiction" : [{
        "coding" : [{
          "system" : "http://unstats.un.org/unsd/methods/m49/m49.htm",
          "code" : "001"
        }]
      }],
      "expansion" : {
        "identifier" : "urn:uuid:fec78f30-011b-461e-8dda-204f67487ade",
        "timestamp" : "2023-03-03T14:38:54+00:00",
        "total" : 21,
        "parameter" : [{
          "name" : "excludeNested",
          "valueBoolean" : false
        },
        {
          "name" : "limitedExpansion",
          "valueBoolean" : true
        },
        {
          "name" : "version",
          "valueUri" : "http://snomed.info/sct|http://snomed.info/sct/900000000000207008/version/20220731"
        }],
        "contains" : [{
          "system" : "http://snomed.info/sct",
          "code" : "387105006",
          "display" : "Didanosine (DDI)"
        },
        {
          "system" : "http://snomed.info/sct",
          "code" : "387005008",
          "display" : "Abacavir (ABC)"
        },
        {
          "system" : "http://snomed.info/sct",
          "code" : "772188001",
          "display" : "Abacavir and lamivudine (ABC + 3TC)"
        },
        {
          "system" : "http://snomed.info/sct",
          "code" : "427314002",
          "display" : "ABC + 3TC + ATV/r"
        },
        {
          "system" : "http://snomed.info/sct",
          "code" : "878898002",
          "display" : "Atazanavir/ritonavir (ATV/r)"
        },
        {
          "system" : "http://snomed.info/sct",
          "code" : "713464000",
          "display" : "Dolutegravir (DTG)"
        },
        {
          "system" : "http://snomed.info/sct",
          "code" : "387001004",
          "display" : "Efavirenz (EFV)"
        },
        {
          "system" : "http://snomed.info/sct",
          "code" : "404856006",
          "display" : "Emtricitabine (FTC)"
        },
        {
          "system" : "http://snomed.info/sct",
          "code" : "432121008",
          "display" : "Etravirine (ETV)"
        },
        {
          "system" : "http://snomed.info/sct",
          "code" : "386897000",
          "display" : "Lamivudine (3TC)"
        },
        {
          "system" : "http://snomed.info/sct",
          "code" : "776569000",
          "display" : "Lopinavir/ritonavir (LPV/r)"
        },
        {
          "system" : "http://snomed.info/sct",
          "code" : "386898005",
          "display" : "Nevirapine (NVP)"
        },
        {
          "system" : "http://snomed.info/sct",
          "code" : "429707008",
          "display" : "Raltegravir (RAL)"
        },
        {
          "system" : "http://snomed.info/sct",
          "code" : "703123005",
          "display" : "Rilpivirine (RIL)"
        },
        {
          "system" : "http://snomed.info/sct",
          "code" : "386896009",
          "display" : "Ritonavir (RTV)"
        },
        {
          "system" : "http://snomed.info/sct",
          "code" : "386895008",
          "display" : "Stavudine (D4T)"
        },
        {
          "system" : "http://snomed.info/sct",
          "code" : "422091007",
          "display" : "Tenofovir (TDF)"
        },
        {
          "system" : "http://snomed.info/sct",
          "code" : "421203005",
          "display" : "Tenofovir disoproxil (TDF)"
        },
        {
          "system" : "http://snomed.info/sct",
          "code" : "414091005",
          "display" : "Tenofovir disoproxil and emtricitabine (TDF + FTC)"
        },
        {
          "system" : "http://snomed.info/sct",
          "code" : "387151007",
          "display" : "Zidovudine (AZT)"
        },
        {
          "system" : "http://snomed.info/sct",
          "code" : "776469003",
          "display" : "Zidovudine and lamivudine (AZT + 3TC)"
        }]
      }
    }
  },
  {
    "fullUrl" : "http://openhie.org/fhir/hiv-cbs/ValueSet/vs-careplan-outcome",
    "resource" : {
      "resourceType" : "ValueSet",
      "id" : "vs-careplan-outcome",
      "text" : {
        "status" : "generated",
        "div" : "<div xmlns=\"http://www.w3.org/1999/xhtml\"><p>This value set contains 2 concepts</p><p style=\"border: black 1px dotted; background-color: #EEEEEE; padding: 8px; margin-bottom: 8px\">Expansion based on SNOMED CT International edition 31-Jul 2022</p><table class=\"codes\"><tr><td style=\"white-space:nowrap\"><b>Code</b></td><td><b>System</b></td><td><b>Display</b></td></tr><tr><td style=\"white-space:nowrap\"><a name=\"http---snomed.info-sct-737038009\"> </a>  <a href=\"http://snomed.info/id/737038009\">737038009</a></td><td>http://snomed.info/sct</td><td>Declined consent for treatment (finding)</td></tr><tr><td style=\"white-space:nowrap\"><a name=\"http---snomed.info-sct-386473003\"> </a>  <a href=\"http://snomed.info/id/386473003\">386473003</a></td><td>http://snomed.info/sct</td><td>Telephone follow-up (procedure)</td></tr></table></div>"
      },
      "url" : "http://openhie.org/fhir/hiv-cbs/ValueSet/vs-careplan-outcome",
      "version" : "0.2.0",
      "name" : "VSCarePlanActivityOutcome",
      "title" : "ARV treatment outcomes",
      "status" : "active",
      "experimental" : false,
      "date" : "2023-03-03T14:37:52+00:00",
      "publisher" : "Jembi Health Systems",
      "contact" : [{
        "telecom" : [{
          "system" : "url",
          "value" : "https://www.jembi.org"
        },
        {
          "system" : "email",
          "value" : "info@jembi.org"
        }]
      }],
      "description" : "A list of possible ARV treatment outcomes.",
      "jurisdiction" : [{
        "coding" : [{
          "system" : "http://unstats.un.org/unsd/methods/m49/m49.htm",
          "code" : "001"
        }]
      }],
      "expansion" : {
        "identifier" : "urn:uuid:fe59b5b8-5601-46ba-80ea-3f7f6ac3840e",
        "timestamp" : "2023-03-03T14:39:00+00:00",
        "total" : 2,
        "parameter" : [{
          "name" : "excludeNested",
          "valueBoolean" : false
        },
        {
          "name" : "limitedExpansion",
          "valueBoolean" : true
        },
        {
          "name" : "version",
          "valueUri" : "http://snomed.info/sct|http://snomed.info/sct/900000000000207008/version/20220731"
        }],
        "contains" : [{
          "system" : "http://snomed.info/sct",
          "code" : "737038009",
          "display" : "Declined consent for treatment (finding)"
        },
        {
          "system" : "http://snomed.info/sct",
          "code" : "386473003",
          "display" : "Telephone follow-up (procedure)"
        }]
      }
    }
  },
  {
    "fullUrl" : "http://openhie.org/fhir/hiv-cbs/ValueSet/vs-reason-for-assessment-or-test-not-performed",
    "resource" : {
      "resourceType" : "ValueSet",
      "id" : "vs-reason-for-assessment-or-test-not-performed",
      "text" : {
        "status" : "generated",
        "div" : "<div xmlns=\"http://www.w3.org/1999/xhtml\"><p>This value set contains 15 concepts</p><p style=\"border: black 1px dotted; background-color: #EEEEEE; padding: 8px; margin-bottom: 8px\">Expansion based on SNOMED CT International edition 31-Jul 2022</p><table class=\"codes\"><tr><td style=\"white-space:nowrap\"><b>Code</b></td><td><b>System</b></td><td><b>Display</b></td></tr><tr><td style=\"white-space:nowrap\"><a name=\"http---snomed.info-sct-77386006\"> </a>  <a href=\"http://snomed.info/id/77386006\">77386006</a></td><td>http://snomed.info/sct</td><td>Currently pregnant</td></tr><tr><td style=\"white-space:nowrap\"><a name=\"http---snomed.info-sct-428450006\"> </a>  <a href=\"http://snomed.info/id/428450006\">428450006</a></td><td>http://snomed.info/sct</td><td>Repeat</td></tr><tr><td style=\"white-space:nowrap\"><a name=\"http---snomed.info-sct-171111007\"> </a>  <a href=\"http://snomed.info/id/171111007\">171111007</a></td><td>http://snomed.info/sct</td><td>Results not available</td></tr><tr><td style=\"white-space:nowrap\"><a name=\"http---snomed.info-sct-266721009\"> </a>  <a href=\"http://snomed.info/id/266721009\">266721009</a></td><td>http://snomed.info/sct</td><td>Absent response to treatment</td></tr><tr><td style=\"white-space:nowrap\"><a name=\"http---snomed.info-sct-170564007\"> </a>  <a href=\"http://snomed.info/id/170564007\">170564007</a></td><td>http://snomed.info/sct</td><td>Chronic disease - treatment changed (finding)</td></tr><tr><td style=\"white-space:nowrap\"><a name=\"http---snomed.info-sct-413712001\"> </a>  <a href=\"http://snomed.info/id/413712001\">413712001</a></td><td>http://snomed.info/sct</td><td>Breastfeeding (mother) (observable entity)</td></tr><tr><td style=\"white-space:nowrap\"><a name=\"http---snomed.info-sct-315124004\"> </a>  <a href=\"http://snomed.info/id/315124004\">315124004</a></td><td>http://snomed.info/sct</td><td>Baseline Viral Load / Routine Viral Load</td></tr><tr><td style=\"white-space:nowrap\"><a name=\"http---snomed.info-sct-2528003\"> </a>  <a href=\"http://snomed.info/id/2528003\">2528003</a></td><td>http://snomed.info/sct</td><td>Persistent low-Level viraemia</td></tr><tr><td style=\"white-space:nowrap\"><a name=\"http---snomed.info-sct-441510007\"> </a>  <a href=\"http://snomed.info/id/441510007\">441510007</a></td><td>http://snomed.info/sct</td><td>Blood sample coagulated</td></tr><tr><td style=\"white-space:nowrap\"><a name=\"http---snomed.info-sct-123840003\"> </a>  <a href=\"http://snomed.info/id/123840003\">123840003</a></td><td>http://snomed.info/sct</td><td>Contaminated specimen</td></tr><tr><td style=\"white-space:nowrap\"><a name=\"http---snomed.info-sct-397933008\"> </a>  <a href=\"http://snomed.info/id/397933008\">397933008</a></td><td>http://snomed.info/sct</td><td>Equipment failure</td></tr><tr><td style=\"white-space:nowrap\"><a name=\"http---snomed.info-sct-281264009\"> </a>  <a href=\"http://snomed.info/id/281264009\">281264009</a></td><td>http://snomed.info/sct</td><td>Inappropriate sample container used</td></tr><tr><td style=\"white-space:nowrap\"><a name=\"http---snomed.info-sct-281268007\"> </a>  <a href=\"http://snomed.info/id/281268007\">281268007</a></td><td>http://snomed.info/sct</td><td>Insufficient sample</td></tr><tr><td style=\"white-space:nowrap\"><a name=\"http---snomed.info-sct-281265005\"> </a>  <a href=\"http://snomed.info/id/281265005\">281265005</a></td><td>http://snomed.info/sct</td><td>Specimen not labeled</td></tr><tr><td style=\"white-space:nowrap\"><a name=\"http---snomed.info-sct-419182006\"> </a>  <a href=\"http://snomed.info/id/419182006\">419182006</a></td><td>http://snomed.info/sct</td><td>Supplies not available</td></tr></table></div>"
      },
      "url" : "http://openhie.org/fhir/hiv-cbs/ValueSet/vs-reason-for-assessment-or-test-not-performed",
      "version" : "0.2.0",
      "name" : "VSReasonForAssessmentOrTestNotPerformed",
      "title" : "Reason for Assessment or Test Not Performed",
      "status" : "active",
      "experimental" : false,
      "date" : "2023-03-03T14:37:52+00:00",
      "publisher" : "Jembi Health Systems",
      "contact" : [{
        "telecom" : [{
          "system" : "url",
          "value" : "https://www.jembi.org"
        },
        {
          "system" : "email",
          "value" : "info@jembi.org"
        }]
      }],
      "description" : "A list of reasons associated with the service request for the lab order.",
      "jurisdiction" : [{
        "coding" : [{
          "system" : "http://unstats.un.org/unsd/methods/m49/m49.htm",
          "code" : "001"
        }]
      }],
      "expansion" : {
        "identifier" : "urn:uuid:fdbe05d1-019d-4f8c-b411-201ae082fcb3",
        "timestamp" : "2023-03-03T14:39:00+00:00",
        "total" : 15,
        "parameter" : [{
          "name" : "excludeNested",
          "valueBoolean" : false
        },
        {
          "name" : "limitedExpansion",
          "valueBoolean" : true
        },
        {
          "name" : "version",
          "valueUri" : "http://snomed.info/sct|http://snomed.info/sct/900000000000207008/version/20220731"
        }],
        "contains" : [{
          "system" : "http://snomed.info/sct",
          "code" : "77386006",
          "display" : "Currently pregnant"
        },
        {
          "system" : "http://snomed.info/sct",
          "code" : "428450006",
          "display" : "Repeat"
        },
        {
          "system" : "http://snomed.info/sct",
          "code" : "171111007",
          "display" : "Results not available"
        },
        {
          "system" : "http://snomed.info/sct",
          "code" : "266721009",
          "display" : "Absent response to treatment"
        },
        {
          "system" : "http://snomed.info/sct",
          "code" : "170564007",
          "display" : "Chronic disease - treatment changed (finding)"
        },
        {
          "system" : "http://snomed.info/sct",
          "code" : "413712001",
          "display" : "Breastfeeding (mother) (observable entity)"
        },
        {
          "system" : "http://snomed.info/sct",
          "code" : "315124004",
          "display" : "Baseline Viral Load / Routine Viral Load"
        },
        {
          "system" : "http://snomed.info/sct",
          "code" : "2528003",
          "display" : "Persistent low-Level viraemia"
        },
        {
          "system" : "http://snomed.info/sct",
          "code" : "441510007",
          "display" : "Blood sample coagulated"
        },
        {
          "system" : "http://snomed.info/sct",
          "code" : "123840003",
          "display" : "Contaminated specimen"
        },
        {
          "system" : "http://snomed.info/sct",
          "code" : "397933008",
          "display" : "Equipment failure"
        },
        {
          "system" : "http://snomed.info/sct",
          "code" : "281264009",
          "display" : "Inappropriate sample container used"
        },
        {
          "system" : "http://snomed.info/sct",
          "code" : "281268007",
          "display" : "Insufficient sample"
        },
        {
          "system" : "http://snomed.info/sct",
          "code" : "281265005",
          "display" : "Specimen not labeled"
        },
        {
          "system" : "http://snomed.info/sct",
          "code" : "419182006",
          "display" : "Supplies not available"
        }]
      }
    }
  },
  {
    "fullUrl" : "http://openhie.org/fhir/hiv-cbs/ValueSet/vs-condition",
    "resource" : {
      "resourceType" : "ValueSet",
      "id" : "vs-condition",
      "text" : {
        "status" : "generated",
        "div" : "<div xmlns=\"http://www.w3.org/1999/xhtml\"><p>This value set contains 1 concepts</p><p style=\"border: black 1px dotted; background-color: #EEEEEE; padding: 8px; margin-bottom: 8px\">Expansion based on SNOMED CT International edition 31-Jul 2022</p><table class=\"codes\"><tr><td style=\"white-space:nowrap\"><b>Code</b></td><td><b>System</b></td><td><b>Display</b></td></tr><tr><td style=\"white-space:nowrap\"><a name=\"http---snomed.info-sct-86406008\"> </a>  <a href=\"http://snomed.info/id/86406008\">86406008</a></td><td>http://snomed.info/sct</td><td>Human immunodeficiency virus infection (disorder)</td></tr></table></div>"
      },
      "url" : "http://openhie.org/fhir/hiv-cbs/ValueSet/vs-condition",
      "version" : "0.2.0",
      "name" : "VSCondition",
      "title" : "Conditions",
      "status" : "active",
      "experimental" : false,
      "date" : "2023-03-03T14:37:52+00:00",
      "publisher" : "Jembi Health Systems",
      "contact" : [{
        "telecom" : [{
          "system" : "url",
          "value" : "https://www.jembi.org"
        },
        {
          "system" : "email",
          "value" : "info@jembi.org"
        }]
      }],
      "description" : "A list of possible HIV conditions.",
      "jurisdiction" : [{
        "coding" : [{
          "system" : "http://unstats.un.org/unsd/methods/m49/m49.htm",
          "code" : "001"
        }]
      }],
      "expansion" : {
        "identifier" : "urn:uuid:ee718319-58ac-4262-b2f0-b55fd44ae520",
        "timestamp" : "2023-03-03T14:39:02+00:00",
        "total" : 1,
        "parameter" : [{
          "name" : "excludeNested",
          "valueBoolean" : false
        },
        {
          "name" : "limitedExpansion",
          "valueBoolean" : true
        },
        {
          "name" : "version",
          "valueUri" : "http://snomed.info/sct|http://snomed.info/sct/900000000000207008/version/20220731"
        }],
        "contains" : [{
          "system" : "http://snomed.info/sct",
          "code" : "86406008",
          "display" : "Human immunodeficiency virus infection (disorder)"
        }]
      }
    }
  },
  {
    "fullUrl" : "http://openhie.org/fhir/hiv-cbs/ValueSet/vs-cd4-percentage",
    "resource" : {
      "resourceType" : "ValueSet",
      "id" : "vs-cd4-percentage",
      "text" : {
        "status" : "generated",
        "div" : "<div xmlns=\"http://www.w3.org/1999/xhtml\"><p>This value set contains 1 concepts</p><p style=\"border: black 1px dotted; background-color: #EEEEEE; padding: 8px; margin-bottom: 8px\">Expansion based on SNOMED CT International edition 31-Jul 2022</p><table class=\"codes\"><tr><td style=\"white-space:nowrap\"><b>Code</b></td><td><b>System</b></td><td><b>Display</b></td></tr><tr><td style=\"white-space:nowrap\"><a name=\"http---snomed.info-sct-313938009\"> </a>  <a href=\"http://snomed.info/id/313938009\">313938009</a></td><td>http://snomed.info/sct</td><td>CD4 percent count (procedure)</td></tr></table></div>"
      },
      "url" : "http://openhie.org/fhir/hiv-cbs/ValueSet/vs-cd4-percentage",
      "version" : "0.2.0",
      "name" : "VSCD4Percentage",
      "title" : "CD4 percentage code",
      "status" : "active",
      "experimental" : false,
      "date" : "2023-03-03T14:37:52+00:00",
      "publisher" : "Jembi Health Systems",
      "contact" : [{
        "telecom" : [{
          "system" : "url",
          "value" : "https://www.jembi.org"
        },
        {
          "system" : "email",
          "value" : "info@jembi.org"
        }]
      }],
      "description" : "A list of CD4 percentage codes",
      "jurisdiction" : [{
        "coding" : [{
          "system" : "http://unstats.un.org/unsd/methods/m49/m49.htm",
          "code" : "001"
        }]
      }],
      "expansion" : {
        "identifier" : "urn:uuid:155e5a22-f574-41f4-81dc-25d5862ed3c2",
        "timestamp" : "2023-03-03T14:39:03+00:00",
        "total" : 1,
        "parameter" : [{
          "name" : "excludeNested",
          "valueBoolean" : false
        },
        {
          "name" : "limitedExpansion",
          "valueBoolean" : true
        },
        {
          "name" : "version",
          "valueUri" : "http://snomed.info/sct|http://snomed.info/sct/900000000000207008/version/20220731"
        }],
        "contains" : [{
          "system" : "http://snomed.info/sct",
          "code" : "313938009",
          "display" : "CD4 percent count (procedure)"
        }]
      }
    }
  },
  {
    "fullUrl" : "http://openhie.org/fhir/hiv-cbs/ValueSet/vs-hiv-cause-of-death",
    "resource" : {
      "resourceType" : "ValueSet",
      "id" : "vs-hiv-cause-of-death",
      "text" : {
        "status" : "generated",
        "div" : "<div xmlns=\"http://www.w3.org/1999/xhtml\"><p>This value set contains 2 concepts</p><p style=\"border: black 1px dotted; background-color: #EEEEEE; padding: 8px; margin-bottom: 8px\">Expansion based on Loinc v2.73</p><table class=\"codes\"><tr><td style=\"white-space:nowrap\"><b>Code</b></td><td><b>System</b></td><td><b>Display</b></td></tr><tr><td style=\"white-space:nowrap\"><a name=\"http---loinc.org-80359-3\"> </a>  <a href=\"https://loinc.org/80359-3/\">80359-3</a></td><td>http://loinc.org</td><td>Cause of death.underlying [Manual]</td></tr><tr><td style=\"white-space:nowrap\"><a name=\"http---loinc.org-69441-4\"> </a>  <a href=\"https://loinc.org/69441-4/\">69441-4</a></td><td>http://loinc.org</td><td>Other significant causes or conditions of death</td></tr></table></div>"
      },
      "url" : "http://openhie.org/fhir/hiv-cbs/ValueSet/vs-hiv-cause-of-death",
      "version" : "0.2.0",
      "name" : "VSHIVCauseOfDeath",
      "title" : "Causes of Death",
      "status" : "active",
      "experimental" : false,
      "date" : "2023-03-03T14:37:52+00:00",
      "publisher" : "Jembi Health Systems",
      "contact" : [{
        "telecom" : [{
          "system" : "url",
          "value" : "https://www.jembi.org"
        },
        {
          "system" : "email",
          "value" : "info@jembi.org"
        }]
      }],
      "description" : "A list of possible HIV causes of deaths",
      "jurisdiction" : [{
        "coding" : [{
          "system" : "http://unstats.un.org/unsd/methods/m49/m49.htm",
          "code" : "001"
        }]
      }],
      "expansion" : {
        "identifier" : "urn:uuid:32c5edc1-0d07-411e-80ac-20eef4b06917",
        "timestamp" : "2023-03-03T14:39:03+00:00",
        "total" : 2,
        "parameter" : [{
          "name" : "excludeNested",
          "valueBoolean" : false
        },
        {
          "name" : "limitedExpansion",
          "valueBoolean" : true
        },
        {
          "name" : "version",
          "valueUri" : "http://loinc.org|2.73"
        }],
        "contains" : [{
          "system" : "http://loinc.org",
          "code" : "80359-3",
          "display" : "Cause of death.underlying [Manual]"
        },
        {
          "system" : "http://loinc.org",
          "code" : "69441-4",
          "display" : "Other significant causes or conditions of death"
        }]
      }
    }
  },
  {
    "fullUrl" : "http://openhie.org/fhir/hiv-cbs/ValueSet/vs-art-regimen-change-type",
    "resource" : {
      "resourceType" : "ValueSet",
      "id" : "vs-art-regimen-change-type",
      "text" : {
        "status" : "generated",
        "div" : "<div xmlns=\"http://www.w3.org/1999/xhtml\"><p>This value set contains 2 concepts</p><p style=\"border: black 1px dotted; background-color: #EEEEEE; padding: 8px; margin-bottom: 8px\">Expansion based on <a href=\"CodeSystem-cs-art-regimen-change-type.html\">ART Regimen Change Types v0.2.0 (CodeSystem)</a></p><table class=\"codes\"><tr><td style=\"white-space:nowrap\"><b>Code</b></td><td><b>System</b></td><td><b>Display</b></td></tr><tr><td style=\"white-space:nowrap\"><a name=\"http---openhie.org-fhir-hiv-cbs-CodeSystem-cs-art-regimen-change-type-Switched\"> </a>  <a href=\"CodeSystem-cs-art-regimen-change-type.html#cs-art-regimen-change-type-Switched\">Switched</a></td><td>http://openhie.org/fhir/hiv-cbs/CodeSystem/cs-art-regimen-change-type</td><td>ARV Regimen Switched</td></tr><tr><td style=\"white-space:nowrap\"><a name=\"http---openhie.org-fhir-hiv-cbs-CodeSystem-cs-art-regimen-change-type-Substituted\"> </a>  <a href=\"CodeSystem-cs-art-regimen-change-type.html#cs-art-regimen-change-type-Substituted\">Substituted</a></td><td>http://openhie.org/fhir/hiv-cbs/CodeSystem/cs-art-regimen-change-type</td><td>ARV Regimen Substituted</td></tr></table></div>"
      },
      "url" : "http://openhie.org/fhir/hiv-cbs/ValueSet/vs-art-regimen-change-type",
      "version" : "0.2.0",
      "name" : "VSARTRegimenChangeType",
      "title" : "ART Regimen Change Types",
      "status" : "active",
      "experimental" : false,
      "date" : "2023-03-03T14:37:52+00:00",
      "publisher" : "Jembi Health Systems",
      "contact" : [{
        "telecom" : [{
          "system" : "url",
          "value" : "https://www.jembi.org"
        },
        {
          "system" : "email",
          "value" : "info@jembi.org"
        }]
      }],
      "description" : "A list of options to determine whether an ARV regimen was switched or substituted.",
      "jurisdiction" : [{
        "coding" : [{
          "system" : "http://unstats.un.org/unsd/methods/m49/m49.htm",
          "code" : "001"
        }]
      }],
      "expansion" : {
        "identifier" : "urn:uuid:0483827a-4264-46de-8aeb-72e8a4b3a8f1",
        "timestamp" : "2023-03-03T14:39:04+00:00",
        "total" : 2,
        "parameter" : [{
          "name" : "excludeNested",
          "valueBoolean" : false
        },
        {
          "name" : "version",
          "valueUri" : "http://openhie.org/fhir/hiv-cbs/CodeSystem/cs-art-regimen-change-type|0.2.0"
        }],
        "contains" : [{
          "system" : "http://openhie.org/fhir/hiv-cbs/CodeSystem/cs-art-regimen-change-type",
          "code" : "Switched",
          "display" : "ARV Regimen Switched"
        },
        {
          "system" : "http://openhie.org/fhir/hiv-cbs/CodeSystem/cs-art-regimen-change-type",
          "code" : "Substituted",
          "display" : "ARV Regimen Substituted"
        }]
      }
    }
  },
  {
    "fullUrl" : "http://openhie.org/fhir/hiv-cbs/ValueSet/vs-yes-no",
    "resource" : {
      "resourceType" : "ValueSet",
      "id" : "vs-yes-no",
      "text" : {
        "status" : "generated",
        "div" : "<div xmlns=\"http://www.w3.org/1999/xhtml\"><p>This value set contains 3 concepts</p><p style=\"border: black 1px dotted; background-color: #EEEEEE; padding: 8px; margin-bottom: 8px\">Expansion based on SNOMED CT International edition 31-Jul 2022</p><table class=\"codes\"><tr><td style=\"white-space:nowrap\"><b>Code</b></td><td><b>System</b></td><td><b>Display</b></td></tr><tr><td style=\"white-space:nowrap\"><a name=\"http---snomed.info-sct-373066001\"> </a>  <a href=\"http://snomed.info/id/373066001\">373066001</a></td><td>http://snomed.info/sct</td><td>Yes</td></tr><tr><td style=\"white-space:nowrap\"><a name=\"http---snomed.info-sct-373067005\"> </a>  <a href=\"http://snomed.info/id/373067005\">373067005</a></td><td>http://snomed.info/sct</td><td>No</td></tr><tr><td style=\"white-space:nowrap\"><a name=\"http---snomed.info-sct-261665006\"> </a>  <a href=\"http://snomed.info/id/261665006\">261665006</a></td><td>http://snomed.info/sct</td><td>Unknown</td></tr></table></div>"
      },
      "url" : "http://openhie.org/fhir/hiv-cbs/ValueSet/vs-yes-no",
      "version" : "0.2.0",
      "name" : "VSYesNoUnknown",
      "title" : "Yes No Unknown",
      "status" : "active",
      "experimental" : false,
      "date" : "2023-03-03T14:37:52+00:00",
      "publisher" : "Jembi Health Systems",
      "contact" : [{
        "telecom" : [{
          "system" : "url",
          "value" : "https://www.jembi.org"
        },
        {
          "system" : "email",
          "value" : "info@jembi.org"
        }]
      }],
      "description" : "A list of options used to provide an answer",
      "jurisdiction" : [{
        "coding" : [{
          "system" : "http://unstats.un.org/unsd/methods/m49/m49.htm",
          "code" : "001"
        }]
      }],
      "expansion" : {
        "identifier" : "urn:uuid:f629ca7c-63b3-49bb-a0ae-a2b9fd349eb8",
        "timestamp" : "2023-03-03T14:39:04+00:00",
        "total" : 3,
        "parameter" : [{
          "name" : "excludeNested",
          "valueBoolean" : false
        },
        {
          "name" : "limitedExpansion",
          "valueBoolean" : true
        },
        {
          "name" : "version",
          "valueUri" : "http://snomed.info/sct|http://snomed.info/sct/900000000000207008/version/20220731"
        }],
        "contains" : [{
          "system" : "http://snomed.info/sct",
          "code" : "373066001",
          "display" : "Yes"
        },
        {
          "system" : "http://snomed.info/sct",
          "code" : "373067005",
          "display" : "No"
        },
        {
          "system" : "http://snomed.info/sct",
          "code" : "261665006",
          "display" : "Unknown"
        }]
      }
    }
  },
  {
    "fullUrl" : "http://openhie.org/fhir/hiv-cbs/ValueSet/vs-hiv-recency-test",
    "resource" : {
      "resourceType" : "ValueSet",
      "id" : "vs-hiv-recency-test",
      "text" : {
        "status" : "generated",
        "div" : "<div xmlns=\"http://www.w3.org/1999/xhtml\"><p>This value set contains 1 concepts</p><p style=\"border: black 1px dotted; background-color: #EEEEEE; padding: 8px; margin-bottom: 8px\">Expansion based on SNOMED CT International edition 31-Jul 2022</p><table class=\"codes\"><tr><td style=\"white-space:nowrap\"><b>Code</b></td><td><b>System</b></td><td><b>Display</b></td></tr><tr><td style=\"white-space:nowrap\"><a name=\"http---snomed.info-sct-409788009\"> </a>  <a href=\"http://snomed.info/id/409788009\">409788009</a></td><td>http://snomed.info/sct</td><td>Rapid human immunodeficiency virus type 1 antibody test (procedure)</td></tr></table></div>"
      },
      "url" : "http://openhie.org/fhir/hiv-cbs/ValueSet/vs-hiv-recency-test",
      "version" : "0.2.0",
      "name" : "VSHIVRecencyTest",
      "title" : "Recency HIV Test",
      "status" : "active",
      "experimental" : false,
      "date" : "2023-03-03T14:37:52+00:00",
      "publisher" : "Jembi Health Systems",
      "contact" : [{
        "telecom" : [{
          "system" : "url",
          "value" : "https://www.jembi.org"
        },
        {
          "system" : "email",
          "value" : "info@jembi.org"
        }]
      }],
      "description" : "Used by the observation to indicate that a HIV recency test was performed.",
      "jurisdiction" : [{
        "coding" : [{
          "system" : "http://unstats.un.org/unsd/methods/m49/m49.htm",
          "code" : "001"
        }]
      }],
      "expansion" : {
        "identifier" : "urn:uuid:168b358f-18d9-4d29-926d-d5a60d85d90a",
        "timestamp" : "2023-03-03T14:39:05+00:00",
        "total" : 1,
        "parameter" : [{
          "name" : "excludeNested",
          "valueBoolean" : false
        },
        {
          "name" : "limitedExpansion",
          "valueBoolean" : true
        },
        {
          "name" : "version",
          "valueUri" : "http://snomed.info/sct|http://snomed.info/sct/900000000000207008/version/20220731"
        }],
        "contains" : [{
          "system" : "http://snomed.info/sct",
          "code" : "409788009",
          "display" : "Rapid human immunodeficiency virus type 1 antibody test (procedure)"
        }]
      }
    }
  },
  {
    "fullUrl" : "http://openhie.org/fhir/hiv-cbs/ValueSet/vs-hiv-death",
    "resource" : {
      "resourceType" : "ValueSet",
      "id" : "vs-hiv-death",
      "text" : {
        "status" : "generated",
        "div" : "<div xmlns=\"http://www.w3.org/1999/xhtml\"><p>This value set contains 1 concepts</p><p style=\"border: black 1px dotted; background-color: #EEEEEE; padding: 8px; margin-bottom: 8px\">Expansion based on SNOMED CT International edition 31-Jul 2022</p><table class=\"codes\"><tr><td style=\"white-space:nowrap\"><b>Code</b></td><td><b>System</b></td><td><b>Display</b></td></tr><tr><td style=\"white-space:nowrap\"><a name=\"http---snomed.info-sct-419620001\"> </a>  <a href=\"http://snomed.info/id/419620001\">419620001</a></td><td>http://snomed.info/sct</td><td>Dead (finding)</td></tr></table></div>"
      },
      "url" : "http://openhie.org/fhir/hiv-cbs/ValueSet/vs-hiv-death",
      "version" : "0.2.0",
      "name" : "VSHIVDeath",
      "title" : "Death",
      "status" : "active",
      "experimental" : false,
      "date" : "2023-03-03T14:37:52+00:00",
      "publisher" : "Jembi Health Systems",
      "contact" : [{
        "telecom" : [{
          "system" : "url",
          "value" : "https://www.jembi.org"
        },
        {
          "system" : "email",
          "value" : "info@jembi.org"
        }]
      }],
      "description" : "A list of possible HIV deaths",
      "jurisdiction" : [{
        "coding" : [{
          "system" : "http://unstats.un.org/unsd/methods/m49/m49.htm",
          "code" : "001"
        }]
      }],
      "expansion" : {
        "identifier" : "urn:uuid:3e70dd25-d36e-4454-b08b-4adcb09c2e4e",
        "timestamp" : "2023-03-03T14:39:05+00:00",
        "total" : 1,
        "parameter" : [{
          "name" : "excludeNested",
          "valueBoolean" : false
        },
        {
          "name" : "limitedExpansion",
          "valueBoolean" : true
        },
        {
          "name" : "version",
          "valueUri" : "http://snomed.info/sct|http://snomed.info/sct/900000000000207008/version/20220731"
        }],
        "contains" : [{
          "system" : "http://snomed.info/sct",
          "code" : "419620001",
          "display" : "Dead (finding)"
        }]
      }
    }
  },
  {
    "fullUrl" : "http://openhie.org/fhir/hiv-cbs/ValueSet/vs-test-types",
    "resource" : {
      "resourceType" : "ValueSet",
      "id" : "vs-test-types",
      "text" : {
        "status" : "generated",
        "div" : "<div xmlns=\"http://www.w3.org/1999/xhtml\"><p>This value set contains 3 concepts</p><p style=\"border: black 1px dotted; background-color: #EEEEEE; padding: 8px; margin-bottom: 8px\">Expansion based on Loinc v2.73</p><table class=\"codes\"><tr><td style=\"white-space:nowrap\"><b>Code</b></td><td><b>System</b></td><td><b>Display</b></td></tr><tr><td style=\"white-space:nowrap\"><a name=\"http---loinc.org-25842-6\"> </a>  <a href=\"https://loinc.org/25842-6/\">25842-6</a></td><td>http://loinc.org</td><td>HIV 2 proviral DNA [Presence] in Specimen by NAA with probe detection</td></tr><tr><td style=\"white-space:nowrap\"><a name=\"http---loinc.org-25836-8\"> </a>  <a href=\"https://loinc.org/25836-8/\">25836-8</a></td><td>http://loinc.org</td><td>HIV 1 RNA [#/volume] (viral load) in Specimen by NAA with probe detection</td></tr><tr><td style=\"white-space:nowrap\"><a name=\"http---loinc.org-24467-3\"> </a>  <a href=\"https://loinc.org/24467-3/\">24467-3</a></td><td>http://loinc.org</td><td>CD3+CD4+ (T4 helper) cells [#/volume] in Blood</td></tr></table></div>"
      },
      "url" : "http://openhie.org/fhir/hiv-cbs/ValueSet/vs-test-types",
      "version" : "0.2.0",
      "name" : "VSTestTypes",
      "title" : "Test Types",
      "status" : "active",
      "experimental" : false,
      "date" : "2023-03-03T14:37:52+00:00",
      "publisher" : "Jembi Health Systems",
      "contact" : [{
        "telecom" : [{
          "system" : "url",
          "value" : "https://www.jembi.org"
        },
        {
          "system" : "email",
          "value" : "info@jembi.org"
        }]
      }],
      "description" : "A list of HIV test types",
      "jurisdiction" : [{
        "coding" : [{
          "system" : "http://unstats.un.org/unsd/methods/m49/m49.htm",
          "code" : "001"
        }]
      }],
      "expansion" : {
        "identifier" : "urn:uuid:5c808a48-0420-480a-9315-1bed195be2a0",
        "timestamp" : "2023-03-03T14:39:05+00:00",
        "total" : 3,
        "parameter" : [{
          "name" : "excludeNested",
          "valueBoolean" : false
        },
        {
          "name" : "limitedExpansion",
          "valueBoolean" : true
        },
        {
          "name" : "version",
          "valueUri" : "http://loinc.org|2.73"
        }],
        "contains" : [{
          "system" : "http://loinc.org",
          "code" : "25842-6",
          "display" : "HIV 2 proviral DNA [Presence] in Specimen by NAA with probe detection"
        },
        {
          "system" : "http://loinc.org",
          "code" : "25836-8",
          "display" : "HIV 1 RNA [#/volume] (viral load) in Specimen by NAA with probe detection"
        },
        {
          "system" : "http://loinc.org",
          "code" : "24467-3",
          "display" : "CD3+CD4+ (T4 helper) cells [#/volume] in Blood"
        }]
      }
    }
  },
  {
    "fullUrl" : "http://openhie.org/fhir/hiv-cbs/ValueSet/vs-artregimen-lines",
    "resource" : {
      "resourceType" : "ValueSet",
      "id" : "vs-artregimen-lines",
      "text" : {
        "status" : "generated",
        "div" : "<div xmlns=\"http://www.w3.org/1999/xhtml\"><p>This value set contains 3 concepts</p><p style=\"border: black 1px dotted; background-color: #EEEEEE; padding: 8px; margin-bottom: 8px\">Expansion based on SNOMED CT International edition 31-Jul 2022</p><table class=\"codes\"><tr><td style=\"white-space:nowrap\"><b>Code</b></td><td><b>System</b></td><td><b>Display</b></td></tr><tr><td style=\"white-space:nowrap\"><a name=\"http---snomed.info-sct-708255002\"> </a>  <a href=\"http://snomed.info/id/708255002\">708255002</a></td><td>http://snomed.info/sct</td><td>First line treatment (procedure)</td></tr><tr><td style=\"white-space:nowrap\"><a name=\"http---snomed.info-sct-708256001\"> </a>  <a href=\"http://snomed.info/id/708256001\">708256001</a></td><td>http://snomed.info/sct</td><td>Second line treatment (procedure)</td></tr><tr><td style=\"white-space:nowrap\"><a name=\"http---snomed.info-sct-708257005\"> </a>  <a href=\"http://snomed.info/id/708257005\">708257005</a></td><td>http://snomed.info/sct</td><td>Third line treatment (procedure)</td></tr></table></div>"
      },
      "url" : "http://openhie.org/fhir/hiv-cbs/ValueSet/vs-artregimen-lines",
      "version" : "0.2.0",
      "name" : "VSARTRegimenLines",
      "title" : "ART Regimen Lines",
      "status" : "active",
      "experimental" : false,
      "date" : "2023-03-03T14:37:52+00:00",
      "publisher" : "Jembi Health Systems",
      "contact" : [{
        "telecom" : [{
          "system" : "url",
          "value" : "https://www.jembi.org"
        },
        {
          "system" : "email",
          "value" : "info@jembi.org"
        }]
      }],
      "description" : "A list of ART regimen therapeutic lines.",
      "jurisdiction" : [{
        "coding" : [{
          "system" : "http://unstats.un.org/unsd/methods/m49/m49.htm",
          "code" : "001"
        }]
      }],
      "expansion" : {
        "identifier" : "urn:uuid:7c7704c4-c560-4aa2-bbd4-dae29d2f4ec8",
        "timestamp" : "2023-03-03T14:39:05+00:00",
        "total" : 3,
        "parameter" : [{
          "name" : "excludeNested",
          "valueBoolean" : false
        },
        {
          "name" : "limitedExpansion",
          "valueBoolean" : true
        },
        {
          "name" : "version",
          "valueUri" : "http://snomed.info/sct|http://snomed.info/sct/900000000000207008/version/20220731"
        }],
        "contains" : [{
          "system" : "http://snomed.info/sct",
          "code" : "708255002",
          "display" : "First line treatment (procedure)"
        },
        {
          "system" : "http://snomed.info/sct",
          "code" : "708256001",
          "display" : "Second line treatment (procedure)"
        },
        {
          "system" : "http://snomed.info/sct",
          "code" : "708257005",
          "display" : "Third line treatment (procedure)"
        }]
      }
    }
  },
  {
    "fullUrl" : "http://openhie.org/fhir/hiv-cbs/ValueSet/vs-specimen-type",
    "resource" : {
      "resourceType" : "ValueSet",
      "id" : "vs-specimen-type",
      "text" : {
        "status" : "generated",
        "div" : "<div xmlns=\"http://www.w3.org/1999/xhtml\"><p>This value set contains 5 concepts</p><p style=\"border: black 1px dotted; background-color: #EEEEEE; padding: 8px; margin-bottom: 8px\">Expansion based on SNOMED CT International edition 31-Jul 2022</p><table class=\"codes\"><tr><td style=\"white-space:nowrap\"><b>Code</b></td><td><b>System</b></td><td><b>Display</b></td></tr><tr><td style=\"white-space:nowrap\"><a name=\"http---snomed.info-sct-119361006\"> </a>  <a href=\"http://snomed.info/id/119361006\">119361006</a></td><td>http://snomed.info/sct</td><td>Plasma specimen (specimen)</td></tr><tr><td style=\"white-space:nowrap\"><a name=\"http---snomed.info-sct-440500007\"> </a>  <a href=\"http://snomed.info/id/440500007\">440500007</a></td><td>http://snomed.info/sct</td><td>Dried blood spot specimen (specimen)</td></tr><tr><td style=\"white-space:nowrap\"><a name=\"http---snomed.info-sct-441620008\"> </a>  <a href=\"http://snomed.info/id/441620008\">441620008</a></td><td>http://snomed.info/sct</td><td>Oral fluid specimen (specimen)</td></tr><tr><td style=\"white-space:nowrap\"><a name=\"http---snomed.info-sct-258580003\"> </a>  <a href=\"http://snomed.info/id/258580003\">258580003</a></td><td>http://snomed.info/sct</td><td>Whole blood specimen (specimen)</td></tr><tr><td style=\"white-space:nowrap\"><a name=\"http---snomed.info-sct-119364003\"> </a>  <a href=\"http://snomed.info/id/119364003\">119364003</a></td><td>http://snomed.info/sct</td><td>Serum specimen (specimen)</td></tr></table></div>"
      },
      "url" : "http://openhie.org/fhir/hiv-cbs/ValueSet/vs-specimen-type",
      "version" : "0.2.0",
      "name" : "VSSpecimenType",
      "title" : "Specimen Type Used In Viral Load testing",
      "status" : "active",
      "experimental" : false,
      "date" : "2023-03-03T14:37:52+00:00",
      "publisher" : "Jembi Health Systems",
      "contact" : [{
        "telecom" : [{
          "system" : "url",
          "value" : "https://www.jembi.org"
        },
        {
          "system" : "email",
          "value" : "info@jembi.org"
        }]
      }],
      "description" : "A list of specimen types.",
      "jurisdiction" : [{
        "coding" : [{
          "system" : "http://unstats.un.org/unsd/methods/m49/m49.htm",
          "code" : "001"
        }]
      }],
      "expansion" : {
        "identifier" : "urn:uuid:84149e85-66e5-4ae5-9e6c-475c9ec600c2",
        "timestamp" : "2023-03-03T14:39:06+00:00",
        "total" : 5,
        "parameter" : [{
          "name" : "excludeNested",
          "valueBoolean" : false
        },
        {
          "name" : "limitedExpansion",
          "valueBoolean" : true
        },
        {
          "name" : "version",
          "valueUri" : "http://snomed.info/sct|http://snomed.info/sct/900000000000207008/version/20220731"
        }],
        "contains" : [{
          "system" : "http://snomed.info/sct",
          "code" : "119361006",
          "display" : "Plasma specimen (specimen)"
        },
        {
          "system" : "http://snomed.info/sct",
          "code" : "440500007",
          "display" : "Dried blood spot specimen (specimen)"
        },
        {
          "system" : "http://snomed.info/sct",
          "code" : "441620008",
          "display" : "Oral fluid specimen (specimen)"
        },
        {
          "system" : "http://snomed.info/sct",
          "code" : "258580003",
          "display" : "Whole blood specimen (specimen)"
        },
        {
          "system" : "http://snomed.info/sct",
          "code" : "119364003",
          "display" : "Serum specimen (specimen)"
        }]
      }
    }
  },
  {
    "fullUrl" : "http://openhie.org/fhir/hiv-cbs/ValueSet/vs-vl-result-code",
    "resource" : {
      "resourceType" : "ValueSet",
      "id" : "vs-vl-result-code",
      "text" : {
        "status" : "generated",
        "div" : "<div xmlns=\"http://www.w3.org/1999/xhtml\"><p>This value set contains 1 concepts</p><p style=\"border: black 1px dotted; background-color: #EEEEEE; padding: 8px; margin-bottom: 8px\">Expansion based on SNOMED CT International edition 31-Jul 2022</p><table class=\"codes\"><tr><td style=\"white-space:nowrap\"><b>Code</b></td><td><b>System</b></td><td><b>Display</b></td></tr><tr><td style=\"white-space:nowrap\"><a name=\"http---snomed.info-sct-398579006\"> </a>  <a href=\"http://snomed.info/id/398579006\">398579006</a></td><td>http://snomed.info/sct</td><td>Human immunodeficiency virus-1 nucleic acid assay (procedure)</td></tr></table></div>"
      },
      "url" : "http://openhie.org/fhir/hiv-cbs/ValueSet/vs-vl-result-code",
      "version" : "0.2.0",
      "name" : "VSVLResultCode",
      "title" : "Viral Load Result Code",
      "status" : "active",
      "experimental" : false,
      "date" : "2023-03-03T14:37:52+00:00",
      "publisher" : "Jembi Health Systems",
      "contact" : [{
        "telecom" : [{
          "system" : "url",
          "value" : "https://www.jembi.org"
        },
        {
          "system" : "email",
          "value" : "info@jembi.org"
        }]
      }],
      "description" : "A code used to indicate the category for the lab result.",
      "jurisdiction" : [{
        "coding" : [{
          "system" : "http://unstats.un.org/unsd/methods/m49/m49.htm",
          "code" : "001"
        }]
      }],
      "expansion" : {
        "identifier" : "urn:uuid:e4d1af21-3f8d-41ef-96e4-513b17e71ec7",
        "timestamp" : "2023-03-03T14:39:06+00:00",
        "total" : 1,
        "parameter" : [{
          "name" : "excludeNested",
          "valueBoolean" : false
        },
        {
          "name" : "limitedExpansion",
          "valueBoolean" : true
        },
        {
          "name" : "version",
          "valueUri" : "http://snomed.info/sct|http://snomed.info/sct/900000000000207008/version/20220731"
        }],
        "contains" : [{
          "system" : "http://snomed.info/sct",
          "code" : "398579006",
          "display" : "Human immunodeficiency virus-1 nucleic acid assay (procedure)"
        }]
      }
    }
  },
  {
    "fullUrl" : "http://openhie.org/fhir/hiv-cbs/ValueSet/vs-cd4-count",
    "resource" : {
      "resourceType" : "ValueSet",
      "id" : "vs-cd4-count",
      "text" : {
        "status" : "generated",
        "div" : "<div xmlns=\"http://www.w3.org/1999/xhtml\"><p>This value set contains 1 concepts</p><p style=\"border: black 1px dotted; background-color: #EEEEEE; padding: 8px; margin-bottom: 8px\">Expansion based on SNOMED CT International edition 31-Jul 2022</p><table class=\"codes\"><tr><td style=\"white-space:nowrap\"><b>Code</b></td><td><b>System</b></td><td><b>Display</b></td></tr><tr><td style=\"white-space:nowrap\"><a name=\"http---snomed.info-sct-151271000119102\"> </a>  <a href=\"http://snomed.info/id/151271000119102\">151271000119102</a></td><td>http://snomed.info/sct</td><td>Abnormal blood test (finding)</td></tr></table></div>"
      },
      "url" : "http://openhie.org/fhir/hiv-cbs/ValueSet/vs-cd4-count",
      "version" : "0.2.0",
      "name" : "VSCD4Count",
      "title" : "CD4 test result code",
      "status" : "active",
      "experimental" : false,
      "date" : "2023-03-03T14:37:52+00:00",
      "publisher" : "Jembi Health Systems",
      "contact" : [{
        "telecom" : [{
          "system" : "url",
          "value" : "https://www.jembi.org"
        },
        {
          "system" : "email",
          "value" : "info@jembi.org"
        }]
      }],
      "description" : "A list of CD4 test result codes",
      "jurisdiction" : [{
        "coding" : [{
          "system" : "http://unstats.un.org/unsd/methods/m49/m49.htm",
          "code" : "001"
        }]
      }],
      "expansion" : {
        "identifier" : "urn:uuid:f8127ddf-7292-423d-8dc1-39c400d28499",
        "timestamp" : "2023-03-03T14:39:07+00:00",
        "total" : 1,
        "parameter" : [{
          "name" : "excludeNested",
          "valueBoolean" : false
        },
        {
          "name" : "limitedExpansion",
          "valueBoolean" : true
        },
        {
          "name" : "version",
          "valueUri" : "http://snomed.info/sct|http://snomed.info/sct/900000000000207008/version/20220731"
        }],
        "contains" : [{
          "system" : "http://snomed.info/sct",
          "code" : "151271000119102",
          "display" : "Abnormal blood test (finding)"
        }]
      }
    }
  },
  {
    "fullUrl" : "http://openhie.org/fhir/hiv-cbs/ValueSet/vs-arvtreatment-activity-type",
    "resource" : {
      "resourceType" : "ValueSet",
      "id" : "vs-arvtreatment-activity-type",
      "text" : {
        "status" : "generated",
        "div" : "<div xmlns=\"http://www.w3.org/1999/xhtml\"><p>This value set contains 1 concepts</p><p style=\"border: black 1px dotted; background-color: #EEEEEE; padding: 8px; margin-bottom: 8px\">Expansion based on Loinc v2.73</p><table class=\"codes\"><tr><td style=\"white-space:nowrap\"><b>Code</b></td><td><b>System</b></td><td><b>Display</b></td></tr><tr><td style=\"white-space:nowrap\"><a name=\"http---loinc.org-45260-7\"> </a>  <a href=\"https://loinc.org/45260-7/\">45260-7</a></td><td>http://loinc.org</td><td>HIV ART medication</td></tr></table></div>"
      },
      "url" : "http://openhie.org/fhir/hiv-cbs/ValueSet/vs-arvtreatment-activity-type",
      "version" : "0.2.0",
      "name" : "VSARVMedicationRequest",
      "title" : "ARV Treatment Medication Request",
      "status" : "active",
      "experimental" : false,
      "date" : "2023-03-03T14:37:52+00:00",
      "publisher" : "Jembi Health Systems",
      "contact" : [{
        "telecom" : [{
          "system" : "url",
          "value" : "https://www.jembi.org"
        },
        {
          "system" : "email",
          "value" : "info@jembi.org"
        }]
      }],
      "description" : "Codes used to represent a medication request for ART.",
      "jurisdiction" : [{
        "coding" : [{
          "system" : "http://unstats.un.org/unsd/methods/m49/m49.htm",
          "code" : "001"
        }]
      }],
      "expansion" : {
        "identifier" : "urn:uuid:dfb015fe-8fe6-445b-b018-6401f9d8bdbe",
        "timestamp" : "2023-03-03T14:39:08+00:00",
        "total" : 1,
        "parameter" : [{
          "name" : "excludeNested",
          "valueBoolean" : false
        },
        {
          "name" : "limitedExpansion",
          "valueBoolean" : true
        },
        {
          "name" : "version",
          "valueUri" : "http://loinc.org|2.73"
        }],
        "contains" : [{
          "system" : "http://loinc.org",
          "code" : "45260-7",
          "display" : "HIV ART medication"
        }]
      }
    }
  },
  {
    "fullUrl" : "http://openhie.org/fhir/hiv-cbs/ValueSet/vs-key-population-status",
    "resource" : {
      "resourceType" : "ValueSet",
      "id" : "vs-key-population-status",
      "text" : {
        "status" : "generated",
        "div" : "<div xmlns=\"http://www.w3.org/1999/xhtml\"><p>This value set contains 7 concepts</p><div style=\"border: black 1px dotted; background-color: #EEEEEE; padding: 8px; margin-bottom: 8px\"><p>Expansion based on: </p><ul><li><a href=\"CodeSystem-cs-key-population-status.html\">Key Population Status v0.2.0 (CodeSystem)</a></li><li>SNOMED CT International edition 31-Jul 2022</li></ul></div><table class=\"codes\"><tr><td style=\"white-space:nowrap\"><b>Code</b></td><td><b>System</b></td><td><b>Display</b></td></tr><tr><td style=\"white-space:nowrap\"><a name=\"http---snomed.info-sct-472986005\"> </a>  <a href=\"http://snomed.info/id/472986005\">472986005</a></td><td>http://snomed.info/sct</td><td>Sexually active with men (finding)</td></tr><tr><td style=\"white-space:nowrap\"><a name=\"http---snomed.info-sct-159799000\"> </a>  <a href=\"http://snomed.info/id/159799000\">159799000</a></td><td>http://snomed.info/sct</td><td>Female prostitute (occupation)</td></tr><tr><td style=\"white-space:nowrap\"><a name=\"http---snomed.info-sct-159800001\"> </a>  <a href=\"http://snomed.info/id/159800001\">159800001</a></td><td>http://snomed.info/sct</td><td>Male prostitute (occupation)</td></tr><tr><td style=\"white-space:nowrap\"><a name=\"http---snomed.info-sct-228388006\"> </a>  <a href=\"http://snomed.info/id/228388006\">228388006</a></td><td>http://snomed.info/sct</td><td>Intravenous drug user (finding)</td></tr><tr><td style=\"white-space:nowrap\"><a name=\"http---snomed.info-sct-417284009\"> </a>  <a href=\"http://snomed.info/id/417284009\">417284009</a></td><td>http://snomed.info/sct</td><td>Current drug user (finding)</td></tr><tr><td style=\"white-space:nowrap\"><a name=\"http---snomed.info-sct-407375002\"> </a>  <a href=\"http://snomed.info/id/407375002\">407375002</a></td><td>http://snomed.info/sct</td><td>Surgically transgendered transsexual (finding)</td></tr><tr><td style=\"white-space:nowrap\"><a name=\"http---openhie.org-fhir-hiv-cbs-CodeSystem-cs-key-population-status-General-Population\"> </a>  <a href=\"CodeSystem-cs-key-population-status.html#cs-key-population-status-General-Population\">General-Population</a></td><td>http://openhie.org/fhir/hiv-cbs/CodeSystem/cs-key-population-status</td><td>General Population</td></tr></table></div>"
      },
      "url" : "http://openhie.org/fhir/hiv-cbs/ValueSet/vs-key-population-status",
      "version" : "0.2.0",
      "name" : "VSKeyPopulationSatus",
      "title" : "Key Population Status",
      "status" : "active",
      "experimental" : false,
      "date" : "2023-03-03T14:37:52+00:00",
      "publisher" : "Jembi Health Systems",
      "contact" : [{
        "telecom" : [{
          "system" : "url",
          "value" : "https://www.jembi.org"
        },
        {
          "system" : "email",
          "value" : "info@jembi.org"
        }]
      }],
      "description" : "A list of key population types",
      "jurisdiction" : [{
        "coding" : [{
          "system" : "http://unstats.un.org/unsd/methods/m49/m49.htm",
          "code" : "001"
        }]
      }],
      "expansion" : {
        "identifier" : "urn:uuid:2a263285-9c6c-4092-97af-488b060d5b1d",
        "timestamp" : "2023-03-03T14:39:09+00:00",
        "total" : 7,
        "parameter" : [{
          "name" : "excludeNested",
          "valueBoolean" : false
        },
        {
          "name" : "limitedExpansion",
          "valueBoolean" : true
        },
        {
          "name" : "version",
          "valueUri" : "http://snomed.info/sct|http://snomed.info/sct/900000000000207008/version/20220731"
        },
        {
          "name" : "version",
          "valueUri" : "http://openhie.org/fhir/hiv-cbs/CodeSystem/cs-key-population-status|0.2.0"
        }],
        "contains" : [{
          "system" : "http://snomed.info/sct",
          "code" : "472986005",
          "display" : "Sexually active with men (finding)"
        },
        {
          "system" : "http://snomed.info/sct",
          "code" : "159799000",
          "display" : "Female prostitute (occupation)"
        },
        {
          "system" : "http://snomed.info/sct",
          "code" : "159800001",
          "display" : "Male prostitute (occupation)"
        },
        {
          "system" : "http://snomed.info/sct",
          "code" : "228388006",
          "display" : "Intravenous drug user (finding)"
        },
        {
          "system" : "http://snomed.info/sct",
          "code" : "417284009",
          "display" : "Current drug user (finding)"
        },
        {
          "system" : "http://snomed.info/sct",
          "code" : "407375002",
          "display" : "Surgically transgendered transsexual (finding)"
        },
        {
          "system" : "http://openhie.org/fhir/hiv-cbs/CodeSystem/cs-key-population-status",
          "code" : "General-Population",
          "display" : "General Population"
        }]
      }
    }
  },
  {
    "fullUrl" : "http://openhie.org/fhir/hiv-cbs/ValueSet/vs-transferred-out",
    "resource" : {
      "resourceType" : "ValueSet",
      "id" : "vs-transferred-out",
      "text" : {
        "status" : "generated",
        "div" : "<div xmlns=\"http://www.w3.org/1999/xhtml\"><p>This value set contains 1 concepts</p><p style=\"border: black 1px dotted; background-color: #EEEEEE; padding: 8px; margin-bottom: 8px\">Expansion based on Loinc v2.73</p><table class=\"codes\"><tr><td style=\"white-space:nowrap\"><b>Code</b></td><td><b>System</b></td><td><b>Display</b></td></tr><tr><td style=\"white-space:nowrap\"><a name=\"http---loinc.org-LA20597-3\"> </a>  <a href=\"https://loinc.org/LA20597-3/\">LA20597-3</a></td><td>http://loinc.org</td><td>Transferred to another hospital</td></tr></table></div>"
      },
      "url" : "http://openhie.org/fhir/hiv-cbs/ValueSet/vs-transferred-out",
      "version" : "0.2.0",
      "name" : "VSTransferredOut",
      "title" : "Transferred out",
      "status" : "active",
      "experimental" : false,
      "date" : "2023-03-03T14:37:52+00:00",
      "publisher" : "Jembi Health Systems",
      "contact" : [{
        "telecom" : [{
          "system" : "url",
          "value" : "https://www.jembi.org"
        },
        {
          "system" : "email",
          "value" : "info@jembi.org"
        }]
      }],
      "description" : "Transferred out codes",
      "jurisdiction" : [{
        "coding" : [{
          "system" : "http://unstats.un.org/unsd/methods/m49/m49.htm",
          "code" : "001"
        }]
      }],
      "expansion" : {
        "identifier" : "urn:uuid:5fab5a2a-ebfe-4768-a88a-9b38bbd1de56",
        "timestamp" : "2023-03-03T14:39:11+00:00",
        "total" : 1,
        "parameter" : [{
          "name" : "excludeNested",
          "valueBoolean" : false
        },
        {
          "name" : "limitedExpansion",
          "valueBoolean" : true
        },
        {
          "name" : "version",
          "valueUri" : "http://loinc.org|2.73"
        }],
        "contains" : [{
          "system" : "http://loinc.org",
          "code" : "LA20597-3",
          "display" : "Transferred to another hospital"
        }]
      }
    }
  }]
}