{
  "resourceType" : "ValueSet",
  "id" : "vs-transferred-out",
  "text" : {
    "status" : "generated",
    "div" : "<div xmlns=\"http://www.w3.org/1999/xhtml\"><ul><li>Include these codes as defined in <a href=\"http://loinc.org\"><code>http://loinc.org</code></a><table class=\"none\"><tr><td style=\"white-space:nowrap\"><b>Code</b></td><td><b>Display</b></td></tr><tr><td><a href=\"https://loinc.org/LA20597-3/\">LA20597-3</a></td><td>Transferred to another hospital</td></tr></table></li></ul></div>"
  },
  "url" : "http://openhie.org/fhir/hiv-cbs/ValueSet/vs-transferred-out",
  "version" : "0.2.0",
  "name" : "VSTransferredOut",
  "title" : "Transferred out",
  "status" : "active",
  "experimental" : false,
  "date" : "2023-04-04T10:54:05+00:00",
  "publisher" : "Jembi Health Systems",
  "contact" : [{
    "telecom" : [{
      "system" : "url",
      "value" : "https://www.jembi.org"
    },
    {
      "system" : "email",
      "value" : "info@jembi.org"
    }]
  }],
  "description" : "Transferred out codes",
  "jurisdiction" : [{
    "coding" : [{
      "system" : "http://unstats.un.org/unsd/methods/m49/m49.htm",
      "code" : "001"
    }]
  }],
  "compose" : {
    "include" : [{
      "system" : "http://loinc.org",
      "concept" : [{
        "code" : "LA20597-3",
        "display" : "Transferred to another hospital"
      }]
    }]
  }
}