<?xml version="1.0" encoding="UTF-8"?><ValueSet xmlns="http://hl7.org/fhir"><id value="vs-vl-suppression"/><text><status value="generated"/><div xmlns="http://www.w3.org/1999/xhtml"><ul><li>Include these codes as defined in <a href="http://www.snomed.org/"><code>http://snomed.info/sct</code></a><table class="none"><tr><td style="white-space:nowrap"><b>Code</b></td><td><b>Display</b></td></tr><tr><td><a href="http://snomed.info/id/245780008">245780008</a></td><td>Suppressed (qualifier value)</td></tr><tr><td><a href="http://snomed.info/id/19032002">19032002</a></td><td>Uncontrolled (qualifier value)</td></tr><tr><td><a href="http://snomed.info/id/261665006">261665006</a></td><td>Unknown (qualifier value)</td></tr></table></li></ul></div></text><url value="http://openhie.org/fhir/hiv-cbs/ValueSet/vs-vl-suppression"/><version value="0.2.0"/><name value="VSVLSuppression"/><title value="Viral Load Suppressions Status"/><status value="active"/><experimental value="false"/><date value="2023-02-28T14:52:43+00:00"/><publisher value="Jembi Health Systems"/><contact><telecom><system value="url"/><value value="https://www.jembi.org"/></telecom><telecom><system value="email"/><value value="info@jembi.org"/></telecom></contact><description value="Describes a patient's current viral load status."/><jurisdiction><coding><system value="http://unstats.un.org/unsd/methods/m49/m49.htm"/><code value="001"/></coding></jurisdiction><compose><include><system value="http://snomed.info/sct"/><concept><code value="245780008"/><display value="Suppressed (qualifier value)"/></concept><concept><code value="19032002"/><display value="Uncontrolled (qualifier value)"/></concept><concept><code value="261665006"/><display value="Unknown (qualifier value)"/></concept></include></compose></ValueSet>