<?xml version="1.0" encoding="UTF-8"?><CodeSystem xmlns="http://hl7.org/fhir"><id value="cs-key-population-status"/><text><status value="generated"/><div xmlns="http://www.w3.org/1999/xhtml"><p>This code system <code>http://openhie.org/fhir/hiv-cbs/CodeSystem/cs-key-population-status</code> defines the following codes:</p><table class="codes"><tr><td style="white-space:nowrap"><b>Code</b></td><td><b>Display</b></td></tr><tr><td style="white-space:nowrap">General-Population<a name="cs-key-population-status-General-Population"> </a></td><td>General Population</td></tr></table></div></text><url value="http://openhie.org/fhir/hiv-cbs/CodeSystem/cs-key-population-status"/><version value="0.2.0"/><name value="CSKeyPopulationStatus"/><title value="Key Population Status"/><status value="active"/><experimental value="false"/><date value="2023-02-27T07:31:33+00:00"/><publisher value="Jembi Health Systems"/><contact><telecom><system value="url"/><value value="https://www.jembi.org"/></telecom><telecom><system value="email"/><value value="info@jembi.org"/></telecom></contact><description value="A list of key population types"/><jurisdiction><coding><system value="http://unstats.un.org/unsd/methods/m49/m49.htm"/><code value="001"/></coding></jurisdiction><caseSensitive value="true"/><content value="complete"/><count value="1"/><concept><code value="General-Population"/><display value="General Population"/></concept></CodeSystem>