<?xml version="1.0" encoding="UTF-8"?>

<ValueSet xmlns="http://hl7.org/fhir">
  <id value="vs-yes-no"/>
  <text>
    <status value="generated"/><div xmlns="http://www.w3.org/1999/xhtml"><ul><li>Include these codes as defined in <a href="http://www.snomed.org/"><code>http://snomed.info/sct</code></a><table class="none"><tr><td style="white-space:nowrap"><b>Code</b></td><td><b>Display</b></td></tr><tr><td><a href="http://snomed.info/id/373066001">373066001</a></td><td>Yes</td></tr><tr><td><a href="http://snomed.info/id/373067005">373067005</a></td><td>No</td></tr><tr><td><a href="http://snomed.info/id/261665006">261665006</a></td><td>Unknown</td></tr></table></li></ul></div>
  </text>
  <url value="http://openhie.org/fhir/hiv-cbs/ValueSet/vs-yes-no"/>
  <version value="0.2.0"/>
  <name value="VSYesNoUnknown"/>
  <title value="Yes No Unknown"/>
  <status value="active"/>
  <experimental value="false"/>
  <date value="2023-03-06T09:54:24+00:00"/>
  <publisher value="Jembi Health Systems"/>
  <contact>
    <telecom>
      <system value="url"/>
      <value value="https://www.jembi.org"/>
    </telecom>
    <telecom>
      <system value="email"/>
      <value value="info@jembi.org"/>
    </telecom>
  </contact>
  <description value="A list of options used to provide an answer"/>
  <jurisdiction>
    <coding>
      <system value="http://unstats.un.org/unsd/methods/m49/m49.htm"/>
      <code value="001"/>
    </coding>
  </jurisdiction>
  <compose>
    <include>
      <system value="http://snomed.info/sct"/>
      <concept>
        <code value="373066001"/>
        <display value="Yes"/>
      </concept>
      <concept>
        <code value="373067005"/>
        <display value="No"/>
      </concept>
      <concept>
        <code value="261665006"/>
        <display value="Unknown"/>
      </concept>
    </include>
  </compose>
</ValueSet>