<?xml version="1.0" encoding="UTF-8"?><ValueSet xmlns="http://hl7.org/fhir"><id value="vs-vl-result-code"/><text><status value="generated"/><div xmlns="http://www.w3.org/1999/xhtml"><ul><li>Include these codes as defined in <a href="http://www.snomed.org/"><code>http://snomed.info/sct</code></a><table class="none"><tr><td style="white-space:nowrap"><b>Code</b></td><td><b>Display</b></td></tr><tr><td><a href="http://snomed.info/id/398579006">398579006</a></td><td>Human immunodeficiency virus-1 nucleic acid assay (procedure)</td></tr></table></li></ul></div></text><url value="http://openhie.org/fhir/hiv-cbs/ValueSet/vs-vl-result-code"/><version value="0.2.0"/><name value="VSVLResultCode"/><title value="Viral Load Result Code"/><status value="active"/><experimental value="false"/><date value="2023-03-03T15:45:33+00:00"/><publisher value="Jembi Health Systems"/><contact><telecom><system value="url"/><value value="https://www.jembi.org"/></telecom><telecom><system value="email"/><value value="info@jembi.org"/></telecom></contact><description value="A code used to indicate the category for the lab result."/><jurisdiction><coding><system value="http://unstats.un.org/unsd/methods/m49/m49.htm"/><code value="001"/></coding></jurisdiction><compose><include><system value="http://snomed.info/sct"/><concept><code value="398579006"/><display value="Human immunodeficiency virus-1 nucleic acid assay (procedure)"/></concept></include></compose></ValueSet>