{"resourceType":"ValueSet","id":"vs-careplan-outcome","text":{"status":"generated","div":"<div xmlns=\"http://www.w3.org/1999/xhtml\"><ul><li>Include these codes as defined in <a href=\"http://www.snomed.org/\"><code>http://snomed.info/sct</code></a><table class=\"none\"><tr><td style=\"white-space:nowrap\"><b>Code</b></td><td><b>Display</b></td></tr><tr><td><a href=\"http://snomed.info/id/737038009\">737038009</a></td><td>Declined consent for treatment (finding)</td></tr><tr><td><a href=\"http://snomed.info/id/386473003\">386473003</a></td><td>Telephone follow-up (procedure)</td></tr></table></li></ul></div>"},"url":"http://openhie.org/fhir/hiv-cbs/ValueSet/vs-careplan-outcome","version":"0.2.0","name":"VSCarePlanActivityOutcome","title":"ARV treatment outcomes","status":"active","experimental":false,"date":"2023-03-03T12:26:43+00:00","publisher":"Jembi Health Systems","contact":[{"telecom":[{"system":"url","value":"https://www.jembi.org"},{"system":"email","value":"info@jembi.org"}]}],"description":"A list of possible ARV treatment outcomes.","jurisdiction":[{"coding":[{"system":"http://unstats.un.org/unsd/methods/m49/m49.htm","code":"001"}]}],"compose":{"include":[{"system":"http://snomed.info/sct","concept":[{"code":"737038009","display":"Declined consent for treatment (finding)"},{"code":"386473003","display":"Telephone follow-up (procedure)"}]}]}}