<?xml version="1.0" encoding="UTF-8"?><CodeSystem xmlns="http://hl7.org/fhir"><id value="cs-hiv-recency-status"/><text><status value="generated"/><div xmlns="http://www.w3.org/1999/xhtml"><p>This code system <code>http://openhie.org/fhir/hiv-cbs/CodeSystem/cs-hiv-recency-status</code> defines the following codes:</p><table class="codes"><tr><td style="white-space:nowrap"><b>Code</b></td><td><b>Display</b></td></tr><tr><td style="white-space:nowrap">Recent<a name="cs-hiv-recency-status-Recent"> </a></td><td>Recent</td></tr><tr><td style="white-space:nowrap">Not-Recent<a name="cs-hiv-recency-status-Not-Recent"> </a></td><td>Not Recent</td></tr></table></div></text><url value="http://openhie.org/fhir/hiv-cbs/CodeSystem/cs-hiv-recency-status"/><version value="0.2.0"/><name value="CSHIVRecencyStatus"/><title value="HIV Recency Testing Status"/><status value="active"/><experimental value="false"/><date value="2023-02-22T12:14:29+00:00"/><publisher value="Jembi Health Systems"/><contact><telecom><system value="url"/><value value="https://www.jembi.org"/></telecom><telecom><system value="email"/><value value="info@jembi.org"/></telecom></contact><description value="A list of HIV recency statuses"/><jurisdiction><coding><system value="http://unstats.un.org/unsd/methods/m49/m49.htm"/><code value="001"/></coding></jurisdiction><caseSensitive value="true"/><content value="complete"/><count value="2"/><concept><code value="Recent"/><display value="Recent"/></concept><concept><code value="Not-Recent"/><display value="Not Recent"/></concept></CodeSystem>