<?xml version="1.0" encoding="UTF-8"?><ValueSet xmlns="http://hl7.org/fhir"><id value="vs-cd4-percentage"/><text><status value="generated"/><div xmlns="http://www.w3.org/1999/xhtml"><ul><li>Include these codes as defined in <a href="http://www.snomed.org/"><code>http://snomed.info/sct</code></a><table class="none"><tr><td style="white-space:nowrap"><b>Code</b></td><td><b>Display</b></td></tr><tr><td><a href="http://snomed.info/id/313938009">313938009</a></td><td>CD4 percent count (procedure)</td></tr></table></li></ul></div></text><url value="http://openhie.org/fhir/hiv-cbs/ValueSet/vs-cd4-percentage"/><version value="0.2.0"/><name value="VSCD4Percentage"/><title value="CD4 percentage code"/><status value="active"/><experimental value="false"/><date value="2023-03-07T14:40:09+00:00"/><publisher value="Jembi Health Systems"/><contact><telecom><system value="url"/><value value="https://www.jembi.org"/></telecom><telecom><system value="email"/><value value="info@jembi.org"/></telecom></contact><description value="A list of CD4 percentage codes"/><jurisdiction><coding><system value="http://unstats.un.org/unsd/methods/m49/m49.htm"/><code value="001"/></coding></jurisdiction><compose><include><system value="http://snomed.info/sct"/><concept><code value="313938009"/><display value="CD4 percent count (procedure)"/></concept></include></compose></ValueSet>