<?xml version="1.0" encoding="UTF-8"?>

<ValueSet xmlns="http://hl7.org/fhir">
  <id value="vs-arv-regimen"/>
  <text>
    <status value="generated"/><div xmlns="http://www.w3.org/1999/xhtml"><ul><li>Include these codes as defined in <a href="http://www.snomed.org/"><code>http://snomed.info/sct</code></a><table class="none"><tr><td style="white-space:nowrap"><b>Code</b></td><td><b>Display</b></td></tr><tr><td><a href="http://snomed.info/id/387105006">387105006</a></td><td>Didanosine (DDI)</td></tr><tr><td><a href="http://snomed.info/id/387005008">387005008</a></td><td>Abacavir (ABC)</td></tr><tr><td><a href="http://snomed.info/id/772188001">772188001</a></td><td>Abacavir and lamivudine (ABC + 3TC)</td></tr><tr><td><a href="http://snomed.info/id/427314002">427314002</a></td><td>ABC + 3TC + ATV/r</td></tr><tr><td><a href="http://snomed.info/id/878898002">878898002</a></td><td>Atazanavir/ritonavir (ATV/r)</td></tr><tr><td><a href="http://snomed.info/id/713464000">713464000</a></td><td>Dolutegravir (DTG)</td></tr><tr><td><a href="http://snomed.info/id/387001004">387001004</a></td><td>Efavirenz (EFV)</td></tr><tr><td><a href="http://snomed.info/id/404856006">404856006</a></td><td>Emtricitabine (FTC)</td></tr><tr><td><a href="http://snomed.info/id/432121008">432121008</a></td><td>Etravirine (ETV)</td></tr><tr><td><a href="http://snomed.info/id/386897000">386897000</a></td><td>Lamivudine (3TC)</td></tr><tr><td><a href="http://snomed.info/id/776569000">776569000</a></td><td>Lopinavir/ritonavir (LPV/r)</td></tr><tr><td><a href="http://snomed.info/id/386898005">386898005</a></td><td>Nevirapine (NVP)</td></tr><tr><td><a href="http://snomed.info/id/429707008">429707008</a></td><td>Raltegravir (RAL)</td></tr><tr><td><a href="http://snomed.info/id/703123005">703123005</a></td><td>Rilpivirine (RIL)</td></tr><tr><td><a href="http://snomed.info/id/386896009">386896009</a></td><td>Ritonavir (RTV)</td></tr><tr><td><a href="http://snomed.info/id/386895008">386895008</a></td><td>Stavudine (D4T)</td></tr><tr><td><a href="http://snomed.info/id/422091007">422091007</a></td><td>Tenofovir (TDF)</td></tr><tr><td><a href="http://snomed.info/id/421203005">421203005</a></td><td>Tenofovir disoproxil (TDF)</td></tr><tr><td><a href="http://snomed.info/id/414091005">414091005</a></td><td>Tenofovir disoproxil and emtricitabine (TDF + FTC)</td></tr><tr><td><a href="http://snomed.info/id/387151007">387151007</a></td><td>Zidovudine (AZT)</td></tr><tr><td><a href="http://snomed.info/id/776469003">776469003</a></td><td>Zidovudine and lamivudine (AZT + 3TC)</td></tr></table></li></ul></div>
  </text>
  <url value="http://openhie.org/fhir/hiv-cbs/ValueSet/vs-arv-regimen"/>
  <version value="0.2.0"/>
  <name value="VSARVRegimen"/>
  <title value="A list of ARV regimen"/>
  <status value="active"/>
  <experimental value="false"/>
  <date value="2023-03-07T10:12:47+00:00"/>
  <publisher value="Jembi Health Systems"/>
  <contact>
    <telecom>
      <system value="url"/>
      <value value="https://www.jembi.org"/>
    </telecom>
    <telecom>
      <system value="email"/>
      <value value="info@jembi.org"/>
    </telecom>
  </contact>
  <description value="A list of ARV regimen."/>
  <jurisdiction>
    <coding>
      <system value="http://unstats.un.org/unsd/methods/m49/m49.htm"/>
      <code value="001"/>
    </coding>
  </jurisdiction>
  <compose>
    <include>
      <system value="http://snomed.info/sct"/>
      <concept>
        <code value="387105006"/>
        <display value="Didanosine (DDI)"/>
      </concept>
      <concept>
        <code value="387005008"/>
        <display value="Abacavir (ABC)"/>
      </concept>
      <concept>
        <code value="772188001"/>
        <display value="Abacavir and lamivudine (ABC + 3TC)"/>
      </concept>
      <concept>
        <code value="427314002"/>
        <display value="ABC + 3TC + ATV/r"/>
      </concept>
      <concept>
        <code value="878898002"/>
        <display value="Atazanavir/ritonavir (ATV/r)"/>
      </concept>
      <concept>
        <code value="713464000"/>
        <display value="Dolutegravir (DTG)"/>
      </concept>
      <concept>
        <code value="387001004"/>
        <display value="Efavirenz (EFV)"/>
      </concept>
      <concept>
        <code value="404856006"/>
        <display value="Emtricitabine (FTC)"/>
      </concept>
      <concept>
        <code value="432121008"/>
        <display value="Etravirine (ETV)"/>
      </concept>
      <concept>
        <code value="386897000"/>
        <display value="Lamivudine (3TC)"/>
      </concept>
      <concept>
        <code value="776569000"/>
        <display value="Lopinavir/ritonavir (LPV/r)"/>
      </concept>
      <concept>
        <code value="386898005"/>
        <display value="Nevirapine (NVP)"/>
      </concept>
      <concept>
        <code value="429707008"/>
        <display value="Raltegravir (RAL)"/>
      </concept>
      <concept>
        <code value="703123005"/>
        <display value="Rilpivirine (RIL)"/>
      </concept>
      <concept>
        <code value="386896009"/>
        <display value="Ritonavir (RTV)"/>
      </concept>
      <concept>
        <code value="386895008"/>
        <display value="Stavudine (D4T)"/>
      </concept>
      <concept>
        <code value="422091007"/>
        <display value="Tenofovir (TDF)"/>
      </concept>
      <concept>
        <code value="421203005"/>
        <display value="Tenofovir disoproxil (TDF)"/>
      </concept>
      <concept>
        <code value="414091005"/>
        <display value="Tenofovir disoproxil and emtricitabine (TDF + FTC)"/>
      </concept>
      <concept>
        <code value="387151007"/>
        <display value="Zidovudine (AZT)"/>
      </concept>
      <concept>
        <code value="776469003"/>
        <display value="Zidovudine and lamivudine (AZT + 3TC)"/>
      </concept>
    </include>
  </compose>
</ValueSet>