{"resourceType":"ValueSet","id":"vs-hiv-cause-of-death","text":{"status":"generated","div":"<div xmlns=\"http://www.w3.org/1999/xhtml\"><ul><li>Include these codes as defined in <a href=\"http://loinc.org\"><code>http://loinc.org</code></a><table class=\"none\"><tr><td style=\"white-space:nowrap\"><b>Code</b></td><td><b>Display</b></td></tr><tr><td><a href=\"https://loinc.org/80359-3/\">80359-3</a></td><td>Cause of death.underlying [Manual]</td></tr><tr><td><a href=\"https://loinc.org/69441-4/\">69441-4</a></td><td>Other significant causes or conditions of death</td></tr></table></li></ul></div>"},"url":"http://openhie.org/fhir/hiv-cbs/ValueSet/vs-hiv-cause-of-death","version":"0.2.0","name":"VSHIVCauseOfDeath","title":"Causes of Death","status":"active","experimental":false,"date":"2023-03-03T15:35:13+00:00","publisher":"Jembi Health Systems","contact":[{"telecom":[{"system":"url","value":"https://www.jembi.org"},{"system":"email","value":"info@jembi.org"}]}],"description":"A list of possible HIV causes of deaths","jurisdiction":[{"coding":[{"system":"http://unstats.un.org/unsd/methods/m49/m49.htm","code":"001"}]}],"compose":{"include":[{"system":"http://loinc.org","concept":[{"code":"80359-3","display":"Cause of death.underlying [Manual]"},{"code":"69441-4","display":"Other significant causes or conditions of death"}]}]}}