<?xml version="1.0" encoding="UTF-8"?><ImplementationGuide xmlns="http://hl7.org/fhir"><id value="openhie.fhir.hiv.cbs"/><text><status value="extensions"/><div xmlns="http://www.w3.org/1999/xhtml"><h2>HIVCBS</h2><p>The official URL for this implementation guide is: </p><pre>http://openhie.org/fhir/hiv-cbs/ImplementationGuide/openhie.fhir.hiv.cbs</pre><div><p>HIV Case-Based Surveillance</p>
</div></div></text><url value="http://openhie.org/fhir/hiv-cbs/ImplementationGuide/openhie.fhir.hiv.cbs"/><version value="0.2.0"/><name value="HIVCBS"/><title value="HIV Case-Based Surveillance"/><status value="draft"/><experimental value="false"/><date value="2023-02-23T13:43:59+00:00"/><publisher value="Jembi Health Systems"/><contact><telecom><system value="url"/><value value="https://www.jembi.org"/></telecom><telecom><system value="email"/><value value="info@jembi.org"/></telecom></contact><description value="HIV Case-Based Surveillance"/><jurisdiction><coding><system value="http://unstats.un.org/unsd/methods/m49/m49.htm"/><code value="001"/></coding></jurisdiction><packageId value="openhie.fhir.hiv.cbs"/><license value="CC0-1.0"/><fhirVersion value="4.0.1"/><dependsOn id="hl7tx"><extension url="http://hl7.org/fhir/tools/StructureDefinition/implementationguide-dependency-comment"><valueMarkdown value="Automatically added as a dependency - all IGs depend on HL7 Terminology"/></extension><uri value="http://terminology.hl7.org/ImplementationGuide/hl7.terminology"/><packageId value="hl7.terminology.r4"/><version value="5.0.0"/></dependsOn><definition><extension url="http://hl7.org/fhir/tools/StructureDefinition/ig-parameter"><extension url="code"><valueString value="copyrightyear"/></extension><extension url="value"><valueString value="2019+"/></extension></extension><extension url="http://hl7.org/fhir/tools/StructureDefinition/ig-parameter"><extension url="code"><valueString value="releaselabel"/></extension><extension url="value"><valueString value="CI Build"/></extension></extension><extension url="http://hl7.org/fhir/tools/StructureDefinition/ig-parameter"><extension url="code"><valueString value="path-binary"/></extension><extension url="value"><valueString value="input\cql"/></extension></extension><extension url="http://hl7.org/fhir/tools/StructureDefinition/ig-parameter"><extension url="code"><valueString value="path-liquid"/></extension><extension url="value"><valueString value="templates\liquid"/></extension></extension><extension url="http://hl7.org/fhir/tools/StructureDefinition/ig-parameter"><extension url="code"><valueString value="autoload-resources"/></extension><extension url="value"><valueString value="true"/></extension></extension><extension url="http://hl7.org/fhir/tools/StructureDefinition/ig-parameter"><extension url="code"><valueString value="path-liquid"/></extension><extension url="value"><valueString value="template/liquid"/></extension></extension><extension url="http://hl7.org/fhir/tools/StructureDefinition/ig-parameter"><extension url="code"><valueString value="path-liquid"/></extension><extension url="value"><valueString value="input/liquid"/></extension></extension><extension url="http://hl7.org/fhir/tools/StructureDefinition/ig-parameter"><extension url="code"><valueString value="path-qa"/></extension><extension url="value"><valueString value="temp/qa"/></extension></extension><extension url="http://hl7.org/fhir/tools/StructureDefinition/ig-parameter"><extension url="code"><valueString value="path-temp"/></extension><extension url="value"><valueString value="temp/pages"/></extension></extension><extension url="http://hl7.org/fhir/tools/StructureDefinition/ig-parameter"><extension url="code"><valueString value="path-output"/></extension><extension url="value"><valueString value="output"/></extension></extension><extension url="http://hl7.org/fhir/tools/StructureDefinition/ig-parameter"><extension url="code"><valueString value="path-suppressed-warnings"/></extension><extension url="value"><valueString value="input/ignoreWarnings.txt"/></extension></extension><extension url="http://hl7.org/fhir/tools/StructureDefinition/ig-parameter"><extension url="code"><valueString value="path-history"/></extension><extension url="value"><valueString value="http://openhie.org/fhir/hiv-cbs/history.html"/></extension></extension><extension url="http://hl7.org/fhir/tools/StructureDefinition/ig-parameter"><extension url="code"><valueString value="template-html"/></extension><extension url="value"><valueString value="template-page.html"/></extension></extension><extension url="http://hl7.org/fhir/tools/StructureDefinition/ig-parameter"><extension url="code"><valueString value="template-md"/></extension><extension url="value"><valueString value="template-page-md.html"/></extension></extension><extension url="http://hl7.org/fhir/tools/StructureDefinition/ig-parameter"><extension url="code"><valueString value="apply-contact"/></extension><extension url="value"><valueString value="true"/></extension></extension><extension url="http://hl7.org/fhir/tools/StructureDefinition/ig-parameter"><extension url="code"><valueString value="apply-context"/></extension><extension url="value"><valueString value="true"/></extension></extension><extension url="http://hl7.org/fhir/tools/StructureDefinition/ig-parameter"><extension url="code"><valueString value="apply-copyright"/></extension><extension url="value"><valueString value="true"/></extension></extension><extension url="http://hl7.org/fhir/tools/StructureDefinition/ig-parameter"><extension url="code"><valueString value="apply-jurisdiction"/></extension><extension url="value"><valueString value="true"/></extension></extension><extension url="http://hl7.org/fhir/tools/StructureDefinition/ig-parameter"><extension url="code"><valueString value="apply-license"/></extension><extension url="value"><valueString value="true"/></extension></extension><extension url="http://hl7.org/fhir/tools/StructureDefinition/ig-parameter"><extension url="code"><valueString value="apply-publisher"/></extension><extension url="value"><valueString value="true"/></extension></extension><extension url="http://hl7.org/fhir/tools/StructureDefinition/ig-parameter"><extension url="code"><valueString value="apply-version"/></extension><extension url="value"><valueString value="true"/></extension></extension><extension url="http://hl7.org/fhir/tools/StructureDefinition/ig-parameter"><extension url="code"><valueString value="active-tables"/></extension><extension url="value"><valueString value="true"/></extension></extension><extension url="http://hl7.org/fhir/tools/StructureDefinition/ig-parameter"><extension url="code"><valueString value="fmm-definition"/></extension><extension url="value"><valueString value="http://hl7.org/fhir/versions.html#maturity"/></extension></extension><extension url="http://hl7.org/fhir/tools/StructureDefinition/ig-parameter"><extension url="code"><valueString value="propagate-status"/></extension><extension url="value"><valueString value="true"/></extension></extension><extension url="http://hl7.org/fhir/tools/StructureDefinition/ig-parameter"><extension url="code"><valueString value="excludelogbinaryformat"/></extension><extension url="value"><valueString value="true"/></extension></extension><extension url="http://hl7.org/fhir/tools/StructureDefinition/ig-parameter"><extension url="code"><valueString value="tabbed-snapshots"/></extension><extension url="value"><valueString value="true"/></extension></extension><extension url="http://hl7.org/fhir/tools/StructureDefinition/ig-parameter"><extension url="code"><valueString value="copyrightyear"/></extension><extension url="value"><valueString value="2019+"/></extension></extension><extension url="http://hl7.org/fhir/tools/StructureDefinition/ig-parameter"><extension url="code"><valueString value="releaselabel"/></extension><extension url="value"><valueString value="CI Build"/></extension></extension><extension url="http://hl7.org/fhir/tools/StructureDefinition/ig-parameter"><extension url="code"><valueString value="path-binary"/></extension><extension url="value"><valueString value="input\cql"/></extension></extension><extension url="http://hl7.org/fhir/tools/StructureDefinition/ig-parameter"><extension url="code"><valueString value="path-liquid"/></extension><extension url="value"><valueString value="templates\liquid"/></extension></extension><extension url="http://hl7.org/fhir/tools/StructureDefinition/ig-parameter"><extension url="code"><valueString value="autoload-resources"/></extension><extension url="value"><valueString value="true"/></extension></extension><extension url="http://hl7.org/fhir/tools/StructureDefinition/ig-parameter"><extension url="code"><valueString value="path-liquid"/></extension><extension url="value"><valueString value="template/liquid"/></extension></extension><extension url="http://hl7.org/fhir/tools/StructureDefinition/ig-parameter"><extension url="code"><valueString value="path-liquid"/></extension><extension url="value"><valueString value="input/liquid"/></extension></extension><extension url="http://hl7.org/fhir/tools/StructureDefinition/ig-parameter"><extension url="code"><valueString value="path-qa"/></extension><extension url="value"><valueString value="temp/qa"/></extension></extension><extension url="http://hl7.org/fhir/tools/StructureDefinition/ig-parameter"><extension url="code"><valueString value="path-temp"/></extension><extension url="value"><valueString value="temp/pages"/></extension></extension><extension url="http://hl7.org/fhir/tools/StructureDefinition/ig-parameter"><extension url="code"><valueString value="path-output"/></extension><extension url="value"><valueString value="output"/></extension></extension><extension url="http://hl7.org/fhir/tools/StructureDefinition/ig-parameter"><extension url="code"><valueString value="path-suppressed-warnings"/></extension><extension url="value"><valueString value="input/ignoreWarnings.txt"/></extension></extension><extension url="http://hl7.org/fhir/tools/StructureDefinition/ig-parameter"><extension url="code"><valueString value="path-history"/></extension><extension url="value"><valueString value="http://openhie.org/fhir/hiv-cbs/history.html"/></extension></extension><extension url="http://hl7.org/fhir/tools/StructureDefinition/ig-parameter"><extension url="code"><valueString value="template-html"/></extension><extension url="value"><valueString value="template-page.html"/></extension></extension><extension url="http://hl7.org/fhir/tools/StructureDefinition/ig-parameter"><extension url="code"><valueString value="template-md"/></extension><extension url="value"><valueString value="template-page-md.html"/></extension></extension><extension url="http://hl7.org/fhir/tools/StructureDefinition/ig-parameter"><extension url="code"><valueString value="apply-contact"/></extension><extension url="value"><valueString value="true"/></extension></extension><extension url="http://hl7.org/fhir/tools/StructureDefinition/ig-parameter"><extension url="code"><valueString value="apply-context"/></extension><extension url="value"><valueString value="true"/></extension></extension><extension url="http://hl7.org/fhir/tools/StructureDefinition/ig-parameter"><extension url="code"><valueString value="apply-copyright"/></extension><extension url="value"><valueString value="true"/></extension></extension><extension url="http://hl7.org/fhir/tools/StructureDefinition/ig-parameter"><extension url="code"><valueString value="apply-jurisdiction"/></extension><extension url="value"><valueString value="true"/></extension></extension><extension url="http://hl7.org/fhir/tools/StructureDefinition/ig-parameter"><extension url="code"><valueString value="apply-license"/></extension><extension url="value"><valueString value="true"/></extension></extension><extension url="http://hl7.org/fhir/tools/StructureDefinition/ig-parameter"><extension url="code"><valueString value="apply-publisher"/></extension><extension url="value"><valueString value="true"/></extension></extension><extension url="http://hl7.org/fhir/tools/StructureDefinition/ig-parameter"><extension url="code"><valueString value="apply-version"/></extension><extension url="value"><valueString value="true"/></extension></extension><extension url="http://hl7.org/fhir/tools/StructureDefinition/ig-parameter"><extension url="code"><valueString value="active-tables"/></extension><extension url="value"><valueString value="true"/></extension></extension><extension url="http://hl7.org/fhir/tools/StructureDefinition/ig-parameter"><extension url="code"><valueString value="fmm-definition"/></extension><extension url="value"><valueString value="http://hl7.org/fhir/versions.html#maturity"/></extension></extension><extension url="http://hl7.org/fhir/tools/StructureDefinition/ig-parameter"><extension url="code"><valueString value="propagate-status"/></extension><extension url="value"><valueString value="true"/></extension></extension><extension url="http://hl7.org/fhir/tools/StructureDefinition/ig-parameter"><extension url="code"><valueString value="excludelogbinaryformat"/></extension><extension url="value"><valueString value="true"/></extension></extension><extension url="http://hl7.org/fhir/tools/StructureDefinition/ig-parameter"><extension url="code"><valueString value="tabbed-snapshots"/></extension><extension url="value"><valueString value="true"/></extension></extension><extension url="http://hl7.org/fhir/tools/StructureDefinition/ig-parameter"><extension url="code"><valueString value="copyrightyear"/></extension><extension url="value"><valueString value="2019+"/></extension></extension><extension url="http://hl7.org/fhir/tools/StructureDefinition/ig-parameter"><extension url="code"><valueString value="releaselabel"/></extension><extension url="value"><valueString value="CI Build"/></extension></extension><extension url="http://hl7.org/fhir/tools/StructureDefinition/ig-parameter"><extension url="code"><valueString value="path-binary"/></extension><extension url="value"><valueString value="input\cql"/></extension></extension><extension url="http://hl7.org/fhir/tools/StructureDefinition/ig-parameter"><extension url="code"><valueString value="path-liquid"/></extension><extension url="value"><valueString value="templates\liquid"/></extension></extension><extension url="http://hl7.org/fhir/tools/StructureDefinition/ig-parameter"><extension url="code"><valueString value="autoload-resources"/></extension><extension url="value"><valueString value="true"/></extension></extension><extension url="http://hl7.org/fhir/tools/StructureDefinition/ig-parameter"><extension url="code"><valueString value="path-liquid"/></extension><extension url="value"><valueString value="template/liquid"/></extension></extension><extension url="http://hl7.org/fhir/tools/StructureDefinition/ig-parameter"><extension url="code"><valueString value="path-liquid"/></extension><extension url="value"><valueString value="input/liquid"/></extension></extension><extension url="http://hl7.org/fhir/tools/StructureDefinition/ig-parameter"><extension url="code"><valueString value="path-qa"/></extension><extension url="value"><valueString value="temp/qa"/></extension></extension><extension url="http://hl7.org/fhir/tools/StructureDefinition/ig-parameter"><extension url="code"><valueString value="path-temp"/></extension><extension url="value"><valueString value="temp/pages"/></extension></extension><extension url="http://hl7.org/fhir/tools/StructureDefinition/ig-parameter"><extension url="code"><valueString value="path-output"/></extension><extension url="value"><valueString value="output"/></extension></extension><extension url="http://hl7.org/fhir/tools/StructureDefinition/ig-parameter"><extension url="code"><valueString value="path-suppressed-warnings"/></extension><extension url="value"><valueString value="input/ignoreWarnings.txt"/></extension></extension><extension url="http://hl7.org/fhir/tools/StructureDefinition/ig-parameter"><extension url="code"><valueString value="path-history"/></extension><extension url="value"><valueString value="http://openhie.org/fhir/hiv-cbs/history.html"/></extension></extension><extension url="http://hl7.org/fhir/tools/StructureDefinition/ig-parameter"><extension url="code"><valueString value="template-html"/></extension><extension url="value"><valueString value="template-page.html"/></extension></extension><extension url="http://hl7.org/fhir/tools/StructureDefinition/ig-parameter"><extension url="code"><valueString value="template-md"/></extension><extension url="value"><valueString value="template-page-md.html"/></extension></extension><extension url="http://hl7.org/fhir/tools/StructureDefinition/ig-parameter"><extension url="code"><valueString value="apply-contact"/></extension><extension url="value"><valueString value="true"/></extension></extension><extension url="http://hl7.org/fhir/tools/StructureDefinition/ig-parameter"><extension url="code"><valueString value="apply-context"/></extension><extension url="value"><valueString value="true"/></extension></extension><extension url="http://hl7.org/fhir/tools/StructureDefinition/ig-parameter"><extension url="code"><valueString value="apply-copyright"/></extension><extension url="value"><valueString value="true"/></extension></extension><extension url="http://hl7.org/fhir/tools/StructureDefinition/ig-parameter"><extension url="code"><valueString value="apply-jurisdiction"/></extension><extension url="value"><valueString value="true"/></extension></extension><extension url="http://hl7.org/fhir/tools/StructureDefinition/ig-parameter"><extension url="code"><valueString value="apply-license"/></extension><extension url="value"><valueString value="true"/></extension></extension><extension url="http://hl7.org/fhir/tools/StructureDefinition/ig-parameter"><extension url="code"><valueString value="apply-publisher"/></extension><extension url="value"><valueString value="true"/></extension></extension><extension url="http://hl7.org/fhir/tools/StructureDefinition/ig-parameter"><extension url="code"><valueString value="apply-version"/></extension><extension url="value"><valueString value="true"/></extension></extension><extension url="http://hl7.org/fhir/tools/StructureDefinition/ig-parameter"><extension url="code"><valueString value="active-tables"/></extension><extension url="value"><valueString value="true"/></extension></extension><extension url="http://hl7.org/fhir/tools/StructureDefinition/ig-parameter"><extension url="code"><valueString value="fmm-definition"/></extension><extension url="value"><valueString value="http://hl7.org/fhir/versions.html#maturity"/></extension></extension><extension url="http://hl7.org/fhir/tools/StructureDefinition/ig-parameter"><extension url="code"><valueString value="propagate-status"/></extension><extension url="value"><valueString value="true"/></extension></extension><extension url="http://hl7.org/fhir/tools/StructureDefinition/ig-parameter"><extension url="code"><valueString value="excludelogbinaryformat"/></extension><extension url="value"><valueString value="true"/></extension></extension><extension url="http://hl7.org/fhir/tools/StructureDefinition/ig-parameter"><extension url="code"><valueString value="tabbed-snapshots"/></extension><extension url="value"><valueString value="true"/></extension></extension><grouping id="-str-profile"><name value="Structures: Resource Profiles"/><description value="These define constraints on FHIR resources for systems conforming to this implementation guide."/></grouping><grouping id="-str-extension"><name value="Structures: Extension Definitions"/><description value="These define constraints on FHIR data types for systems conforming to this implementation guide."/></grouping><grouping id="-term-valueset"><name value="Terminology: Value Sets"/><description value="These define sets of codes used by systems conforming to this implementation guide."/></grouping><grouping id="-term-codesystem"><name value="Terminology: Code Systems"/><description value="These define new code systems used by systems conforming to this implementation guide."/></grouping><grouping id="-ex-example"><name value="Example: Example Instances"/><description value="These are example instances that show what data produced and consumed by systems conforming with this implementation guide might look like."/></grouping><resource><extension url="http://hl7.org/fhir/StructureDefinition/implementationguide-page"><valueUri value="StructureDefinition-hiv-arv-treatment.html"/></extension><reference><reference value="StructureDefinition/hiv-arv-treatment"/></reference><name value="ARV Treatment"/><description value="This profile is to record prescribed ARV regimen against a given therapeutic line"/><groupingId value="-str-profile"/></resource><resource><extension url="http://hl7.org/fhir/StructureDefinition/implementationguide-page"><valueUri value="Location-HIVServiceRequestLocationExample.html"/></extension><reference><reference value="Location/HIVServiceRequestLocationExample"/></reference><name value="Example Location - HIVServiceRequestLocationExample"/><exampleCanonical value="http://openhie.org/fhir/hiv-cbs/StructureDefinition/hiv-service-request-location"/><groupingId value="-ex-example"/></resource><resource><extension url="http://hl7.org/fhir/StructureDefinition/implementationguide-page"><valueUri value="ValueSet-vs-hiv-recency-test-result.html"/></extension><reference><reference value="ValueSet/vs-hiv-recency-test-result"/></reference><name value="Recency HIV Test Result"/><description value="A list of HIV recency test result codes."/><groupingId value="-term-valueset"/></resource><resource><extension url="http://hl7.org/fhir/StructureDefinition/implementationguide-page"><valueUri value="StructureDefinition-hiv-organization.html"/></extension><reference><reference value="StructureDefinition/hiv-organization"/></reference><name value="HIV Organization"/><description value="Organization providing HIV Testing Services"/><groupingId value="-str-profile"/></resource><resource><extension url="http://hl7.org/fhir/StructureDefinition/implementationguide-page"><valueUri value="Bundle-LabCancellation.html"/></extension><reference><reference value="Bundle/LabCancellation"/></reference><name value="Example Bundle - LabCancellation"/><exampleCanonical value="http://openhie.org/fhir/hiv-cbs/StructureDefinition/hiv-lab-task"/><groupingId value="-ex-example"/></resource><resource><extension url="http://hl7.org/fhir/StructureDefinition/implementationguide-page"><valueUri value="Observation-HIVRecencyTestResultExample.html"/></extension><reference><reference value="Observation/HIVRecencyTestResultExample"/></reference><name value="Example Observation - HIVRecencyTestResultExample"/><exampleCanonical value="http://openhie.org/fhir/hiv-cbs/StructureDefinition/hiv-recency-test-result"/><groupingId value="-ex-example"/></resource><resource><extension url="http://hl7.org/fhir/StructureDefinition/implementationguide-page"><valueUri value="StructureDefinition-death.html"/></extension><reference><reference value="StructureDefinition/death"/></reference><name value="Patient Death"/><description value="This profile is to record the death of a patient observation"/><groupingId value="-str-profile"/></resource><resource><extension url="http://hl7.org/fhir/StructureDefinition/implementationguide-page"><valueUri value="Task-HIVLabOrderCancellationTaskExample.html"/></extension><reference><reference value="Task/HIVLabOrderCancellationTaskExample"/></reference><name value="Example Task - HIVLabOrderCancellationTaskExample"/><exampleCanonical value="http://openhie.org/fhir/hiv-cbs/StructureDefinition/hiv-lab-task"/><groupingId value="-ex-example"/></resource><resource><extension url="http://hl7.org/fhir/StructureDefinition/implementationguide-page"><valueUri value="StructureDefinition-art-regimen-line.html"/></extension><reference><reference value="StructureDefinition/art-regimen-line"/></reference><name value="ART Regimen Line"/><description value="ART Regimen Line"/><groupingId value="-str-extension"/></resource><resource><extension url="http://hl7.org/fhir/StructureDefinition/implementationguide-page"><valueUri value="StructureDefinition-hiv-lab-task.html"/></extension><reference><reference value="StructureDefinition/hiv-lab-task"/></reference><name value="Lab Task"/><description value="Assists with tracking the state of the lab order and its completion status"/><groupingId value="-str-profile"/></resource><resource><extension url="http://hl7.org/fhir/StructureDefinition/implementationguide-page"><valueUri value="Observation-DateHIVTestDoneExample.html"/></extension><reference><reference value="Observation/DateHIVTestDoneExample"/></reference><name value="Example Observation - DateHIVTestDoneExample"/><exampleCanonical value="http://openhie.org/fhir/hiv-cbs/StructureDefinition/date-hiv-test-done"/><groupingId value="-ex-example"/></resource><resource><extension url="http://hl7.org/fhir/StructureDefinition/implementationguide-page"><valueUri value="ValueSet-vs-hiv-test-done.html"/></extension><reference><reference value="ValueSet/vs-hiv-test-done"/></reference><name value="HIV Test Done"/><description value="Used by the observation to indicate that a HIV test was performed."/><groupingId value="-term-valueset"/></resource><resource><extension url="http://hl7.org/fhir/StructureDefinition/implementationguide-page"><valueUri value="StructureDefinition-target-facility-encounter.html"/></extension><reference><reference value="StructureDefinition/target-facility-encounter"/></reference><name value="Target Facility Encounter"/><description value="This profile represents the facility the patient is being transferred to"/><groupingId value="-str-profile"/></resource><resource><extension url="http://hl7.org/fhir/StructureDefinition/implementationguide-page"><valueUri value="Patient-HIVPatientExample.html"/></extension><reference><reference value="Patient/HIVPatientExample"/></reference><name value="Example Patient - HIVPatientExample"/><exampleCanonical value="http://openhie.org/fhir/hiv-cbs/StructureDefinition/hiv-patient"/><groupingId value="-ex-example"/></resource><resource><extension url="http://hl7.org/fhir/StructureDefinition/implementationguide-page"><valueUri value="StructureDefinition-key-population-status.html"/></extension><reference><reference value="StructureDefinition/key-population-status"/></reference><name value="Key HIV Population"/><description value="Populations who are at higher risk for HIV"/><groupingId value="-str-extension"/></resource><resource><extension url="http://hl7.org/fhir/StructureDefinition/implementationguide-page"><valueUri value="StructureDefinition-hiv-diagnostic-report.html"/></extension><reference><reference value="StructureDefinition/hiv-diagnostic-report"/></reference><name value="Diagnostic Report"/><description value="A report as a result of the lab task being completed"/><groupingId value="-str-profile"/></resource><resource><extension url="http://hl7.org/fhir/StructureDefinition/implementationguide-page"><valueUri value="ValueSet-vs-hiv-recency-status.html"/></extension><reference><reference value="ValueSet/vs-hiv-recency-status"/></reference><name value="HIV Recency Testing Status"/><description value="A list of HIV recency statuses"/><groupingId value="-term-valueset"/></resource><resource><extension url="http://hl7.org/fhir/StructureDefinition/implementationguide-page"><valueUri value="ValueSet-vs-patient-enrollment-type.html"/></extension><reference><reference value="ValueSet/vs-patient-enrollment-type"/></reference><name value="Patient Type at Enrolment"/><description value="A list of Patient Types at Enrolment"/><groupingId value="-term-valueset"/></resource><resource><extension url="http://hl7.org/fhir/StructureDefinition/implementationguide-page"><valueUri value="ValueSet-vs-vl-suppression.html"/></extension><reference><reference value="ValueSet/vs-vl-suppression"/></reference><name value="Viral Load Suppressions Status"/><description value="Describes a patient's current viral load status."/><groupingId value="-term-valueset"/></resource><resource><extension url="http://hl7.org/fhir/StructureDefinition/implementationguide-page"><valueUri value="StructureDefinition-date-hiv-test-done.html"/></extension><reference><reference value="StructureDefinition/date-hiv-test-done"/></reference><name value="Date HIV Test Done"/><description value="This profile is to record the Date when HIV test was done for a patient"/><groupingId value="-str-profile"/></resource><resource><extension url="http://hl7.org/fhir/StructureDefinition/implementationguide-page"><valueUri value="Bundle-EMR.html"/></extension><reference><reference value="Bundle/EMR"/></reference><name value="Example Bundle - EMR"/><exampleCanonical value="http://openhie.org/fhir/hiv-cbs/StructureDefinition/hiv-arv-treatment"/><groupingId value="-ex-example"/></resource><resource><extension url="http://hl7.org/fhir/StructureDefinition/implementationguide-page"><valueUri value="StructureDefinition-hiv-patient.html"/></extension><reference><reference value="StructureDefinition/hiv-patient"/></reference><name value="Patient"/><description value="A patient resource for an HIV Patient"/><groupingId value="-str-profile"/></resource><resource><extension url="http://hl7.org/fhir/StructureDefinition/implementationguide-page"><valueUri value="Bundle-LabOrder.html"/></extension><reference><reference value="Bundle/LabOrder"/></reference><name value="Example Bundle - LabOrder"/><exampleCanonical value="http://openhie.org/fhir/hiv-cbs/StructureDefinition/hiv-service-request-location"/><groupingId value="-ex-example"/></resource><resource><extension url="http://hl7.org/fhir/StructureDefinition/implementationguide-page"><valueUri value="StructureDefinition-transferring-facility-encounter.html"/></extension><reference><reference value="StructureDefinition/transferring-facility-encounter"/></reference><name value="Transferring Facility Encounter"/><description value="This profile represents the facility the patient is being transferred from"/><groupingId value="-str-profile"/></resource><resource><extension url="http://hl7.org/fhir/StructureDefinition/implementationguide-page"><valueUri value="StructureDefinition-hiv-service-request-location.html"/></extension><reference><reference value="StructureDefinition/hiv-service-request-location"/></reference><name value="Lab Order Request Location"/><description value="What is the location of the organization responsible for conducting the examination of the individual's sample?"/><groupingId value="-str-profile"/></resource><resource><extension url="http://hl7.org/fhir/StructureDefinition/implementationguide-page"><valueUri value="StructureDefinition-hiv-episode-of-care.html"/></extension><reference><reference value="StructureDefinition/hiv-episode-of-care"/></reference><name value="HIV Episode Of Care"/><description value="This profile is to record the patient HIV Management Programme Enrollment details."/><groupingId value="-str-profile"/></resource><resource><extension url="http://hl7.org/fhir/StructureDefinition/implementationguide-page"><valueUri value="Task-HIVLabResultTaskExample.html"/></extension><reference><reference value="Task/HIVLabResultTaskExample"/></reference><name value="Example Task - HIVLabResultTaskExample"/><exampleCanonical value="http://openhie.org/fhir/hiv-cbs/StructureDefinition/hiv-lab-task"/><groupingId value="-ex-example"/></resource><resource><extension url="http://hl7.org/fhir/StructureDefinition/implementationguide-page"><valueUri value="StructureDefinition-viral-load-specimen.html"/></extension><reference><reference value="StructureDefinition/viral-load-specimen"/></reference><name value="Viral Load Specimen"/><description value="The test sample that was collected for the initiated lab order"/><groupingId value="-str-profile"/></resource><resource><extension url="http://hl7.org/fhir/StructureDefinition/implementationguide-page"><valueUri value="Observation-HIVTestResultExample.html"/></extension><reference><reference value="Observation/HIVTestResultExample"/></reference><name value="Example Observation - HIVTestResultExample"/><exampleCanonical value="http://openhie.org/fhir/hiv-cbs/StructureDefinition/hiv-test-results"/><groupingId value="-ex-example"/></resource><resource><extension url="http://hl7.org/fhir/StructureDefinition/implementationguide-page"><valueUri value="Task-HIVLabOrderRejectionTaskExample.html"/></extension><reference><reference value="Task/HIVLabOrderRejectionTaskExample"/></reference><name value="Example Task - HIVLabOrderRejectionTaskExample"/><exampleCanonical value="http://openhie.org/fhir/hiv-cbs/StructureDefinition/hiv-lab-task"/><groupingId value="-ex-example"/></resource><resource><extension url="http://hl7.org/fhir/StructureDefinition/implementationguide-page"><valueUri value="ValueSet-vs-careplan-outcome.html"/></extension><reference><reference value="ValueSet/vs-careplan-outcome"/></reference><name value="ARV treatment outcomes"/><description value="A list of possible ARV treatment outcomes."/><groupingId value="-term-valueset"/></resource><resource><extension url="http://hl7.org/fhir/StructureDefinition/implementationguide-page"><valueUri value="ValueSet-vs-reason-for-assessment-or-test-not-performed.html"/></extension><reference><reference value="ValueSet/vs-reason-for-assessment-or-test-not-performed"/></reference><name value="Reason for Assessment or Test Not Performed"/><description value="A list of reasons associated with the service request for the lab order."/><groupingId value="-term-valueset"/></resource><resource><extension url="http://hl7.org/fhir/StructureDefinition/implementationguide-page"><valueUri value="StructureDefinition-hiv-test-results.html"/></extension><reference><reference value="StructureDefinition/hiv-test-results"/></reference><name value="Lab Results"/><description value="The result of the lab test which determines whether the patient is infected with HIV or not"/><groupingId value="-str-profile"/></resource><resource><extension url="http://hl7.org/fhir/StructureDefinition/implementationguide-page"><valueUri value="Specimen-VLSpecimenExample.html"/></extension><reference><reference value="Specimen/VLSpecimenExample"/></reference><name value="Example Specimen - VLSpecimenExample"/><exampleCanonical value="http://openhie.org/fhir/hiv-cbs/StructureDefinition/viral-load-specimen"/><groupingId value="-ex-example"/></resource><resource><extension url="http://hl7.org/fhir/StructureDefinition/implementationguide-page"><valueUri value="DiagnosticReport-HIVLabResultsDiagnosticReportExample.html"/></extension><reference><reference value="DiagnosticReport/HIVLabResultsDiagnosticReportExample"/></reference><name value="Example DiagnosticReport - HIVLabResultsDiagnosticReportExample"/><exampleCanonical value="http://openhie.org/fhir/hiv-cbs/StructureDefinition/hiv-diagnostic-report"/><groupingId value="-ex-example"/></resource><resource><extension url="http://hl7.org/fhir/StructureDefinition/implementationguide-page"><valueUri value="ValueSet-vs-condition.html"/></extension><reference><reference value="ValueSet/vs-condition"/></reference><name value="Conditions"/><description value="A list of possible HIV conditions."/><groupingId value="-term-valueset"/></resource><resource><extension url="http://hl7.org/fhir/StructureDefinition/implementationguide-page"><valueUri value="StructureDefinition-hiv-practitioner.html"/></extension><reference><reference value="StructureDefinition/hiv-practitioner"/></reference><name value="Practitioner"/><description value="The healthcare professional who has been assigned to a given lab task"/><groupingId value="-str-profile"/></resource><resource><extension url="http://hl7.org/fhir/StructureDefinition/implementationguide-page"><valueUri value="Condition-HIVDiagnosisExample.html"/></extension><reference><reference value="Condition/HIVDiagnosisExample"/></reference><name value="Example Condition - HIVDiagnosisExample"/><exampleCanonical value="http://openhie.org/fhir/hiv-cbs/StructureDefinition/hiv-diagnosis"/><groupingId value="-ex-example"/></resource><resource><extension url="http://hl7.org/fhir/StructureDefinition/implementationguide-page"><valueUri value="Bundle-LabResult.html"/></extension><reference><reference value="Bundle/LabResult"/></reference><name value="Example Bundle - LabResult"/><exampleCanonical value="http://openhie.org/fhir/hiv-cbs/StructureDefinition/hiv-lab-task"/><groupingId value="-ex-example"/></resource><resource><extension url="http://hl7.org/fhir/StructureDefinition/implementationguide-page"><valueUri value="Observation-DeathExample.html"/></extension><reference><reference value="Observation/DeathExample"/></reference><name value="Example Observation - DeathExample"/><exampleCanonical value="http://openhie.org/fhir/hiv-cbs/StructureDefinition/death"/><groupingId value="-ex-example"/></resource><resource><extension url="http://hl7.org/fhir/StructureDefinition/implementationguide-page"><valueUri value="StructureDefinition-hiv-diagnosis.html"/></extension><reference><reference value="StructureDefinition/hiv-diagnosis"/></reference><name value="Diagnosis"/><description value="Confirmation of the diagnosis"/><groupingId value="-str-profile"/></resource><resource><extension url="http://hl7.org/fhir/StructureDefinition/implementationguide-page"><valueUri value="CarePlan-ARVTreatmentRefusedExample.html"/></extension><reference><reference value="CarePlan/ARVTreatmentRefusedExample"/></reference><name value="Example CarePlan - ARVTreatmentRefusedExample"/><exampleCanonical value="http://openhie.org/fhir/hiv-cbs/StructureDefinition/hiv-arv-treatment"/><groupingId value="-ex-example"/></resource><resource><extension url="http://hl7.org/fhir/StructureDefinition/implementationguide-page"><valueUri value="CodeSystem-cs-key-population-status.html"/></extension><reference><reference value="CodeSystem/cs-key-population-status"/></reference><name value="Key Population Status"/><description value="A list of key population types"/><groupingId value="-term-codesystem"/></resource><resource><extension url="http://hl7.org/fhir/StructureDefinition/implementationguide-page"><valueUri value="StructureDefinition-hiv-care-next-visit.html"/></extension><reference><reference value="StructureDefinition/hiv-care-next-visit"/></reference><name value="Next Appointment Date"/><description value="A date representing the patient's next scheduled appointment"/><groupingId value="-str-extension"/></resource><resource><extension url="http://hl7.org/fhir/StructureDefinition/implementationguide-page"><valueUri value="Bundle-LabRejection.html"/></extension><reference><reference value="Bundle/LabRejection"/></reference><name value="Example Bundle - LabRejection"/><exampleCanonical value="http://openhie.org/fhir/hiv-cbs/StructureDefinition/hiv-lab-task"/><groupingId value="-ex-example"/></resource><resource><extension url="http://hl7.org/fhir/StructureDefinition/implementationguide-page"><valueUri value="ValueSet-vs-yes-no.html"/></extension><reference><reference value="ValueSet/vs-yes-no"/></reference><name value="Yes No Unknown"/><description value="A list of options used to provide an answer"/><groupingId value="-term-valueset"/></resource><resource><extension url="http://hl7.org/fhir/StructureDefinition/implementationguide-page"><valueUri value="ValueSet-vs-hiv-recency-test.html"/></extension><reference><reference value="ValueSet/vs-hiv-recency-test"/></reference><name value="Recency HIV Test"/><description value="Used by the observation to indicate that a HIV recency test was performed."/><groupingId value="-term-valueset"/></resource><resource><extension url="http://hl7.org/fhir/StructureDefinition/implementationguide-page"><valueUri value="ValueSet-vs-hiv-death.html"/></extension><reference><reference value="ValueSet/vs-hiv-death"/></reference><name value="Death"/><description value="A list of possible HIV deaths"/><groupingId value="-term-valueset"/></resource><resource><extension url="http://hl7.org/fhir/StructureDefinition/implementationguide-page"><valueUri value="ValueSet-vs-test-types.html"/></extension><reference><reference value="ValueSet/vs-test-types"/></reference><name value="Test Types"/><description value="A list of HIV test types"/><groupingId value="-term-valueset"/></resource><resource><extension url="http://hl7.org/fhir/StructureDefinition/implementationguide-page"><valueUri value="Organization-HIVOrganizationExample.html"/></extension><reference><reference value="Organization/HIVOrganizationExample"/></reference><name value="Example Organization - HIVOrganizationExample"/><exampleCanonical value="http://openhie.org/fhir/hiv-cbs/StructureDefinition/hiv-organization"/><groupingId value="-ex-example"/></resource><resource><extension url="http://hl7.org/fhir/StructureDefinition/implementationguide-page"><valueUri value="ValueSet-vs-artregimen-lines.html"/></extension><reference><reference value="ValueSet/vs-artregimen-lines"/></reference><name value="ART Regimen Lines"/><description value="A list of ART regimen therapeutic lines."/><groupingId value="-term-valueset"/></resource><resource><extension url="http://hl7.org/fhir/StructureDefinition/implementationguide-page"><valueUri value="Task-HIVLabOrderTaskExample.html"/></extension><reference><reference value="Task/HIVLabOrderTaskExample"/></reference><name value="Example Task - HIVLabOrderTaskExample"/><exampleCanonical value="http://openhie.org/fhir/hiv-cbs/StructureDefinition/hiv-lab-task"/><groupingId value="-ex-example"/></resource><resource><extension url="http://hl7.org/fhir/StructureDefinition/implementationguide-page"><valueUri value="Encounter-TargetFacilityEncounterExample.html"/></extension><reference><reference value="Encounter/TargetFacilityEncounterExample"/></reference><name value="Example Encounter - TargetFacilityEncounterExample"/><exampleCanonical value="http://openhie.org/fhir/hiv-cbs/StructureDefinition/target-facility-encounter"/><groupingId value="-ex-example"/></resource><resource><extension url="http://hl7.org/fhir/StructureDefinition/implementationguide-page"><valueUri value="ValueSet-vs-specimen-type.html"/></extension><reference><reference value="ValueSet/vs-specimen-type"/></reference><name value="Specimen Type Used In Viral Load testing"/><description value="A list of specimen types."/><groupingId value="-term-valueset"/></resource><resource><extension url="http://hl7.org/fhir/StructureDefinition/implementationguide-page"><valueUri value="CarePlan-ARVTreatmentExample.html"/></extension><reference><reference value="CarePlan/ARVTreatmentExample"/></reference><name value="Example CarePlan - ARVTreatmentExample"/><exampleCanonical value="http://openhie.org/fhir/hiv-cbs/StructureDefinition/hiv-arv-treatment"/><groupingId value="-ex-example"/></resource><resource><extension url="http://hl7.org/fhir/StructureDefinition/implementationguide-page"><valueUri value="EpisodeOfCare-HIVEpisodeOfCareExample.html"/></extension><reference><reference value="EpisodeOfCare/HIVEpisodeOfCareExample"/></reference><name value="Example EpisodeOfCare - HIVEpisodeOfCareExample"/><exampleCanonical value="http://openhie.org/fhir/hiv-cbs/StructureDefinition/hiv-episode-of-care"/><groupingId value="-ex-example"/></resource><resource><extension url="http://hl7.org/fhir/StructureDefinition/implementationguide-page"><valueUri value="ServiceRequest-HIVServiceRequestExample.html"/></extension><reference><reference value="ServiceRequest/HIVServiceRequestExample"/></reference><name value="Example ServiceRequest - HIVServiceRequestExample"/><exampleCanonical value="http://openhie.org/fhir/hiv-cbs/StructureDefinition/HIV-lab-order"/><groupingId value="-ex-example"/></resource><resource><extension url="http://hl7.org/fhir/StructureDefinition/implementationguide-page"><valueUri value="Observation-HIVRecencyTestDoneExample.html"/></extension><reference><reference value="Observation/HIVRecencyTestDoneExample"/></reference><name value="Example Observation - HIVRecencyTestDoneExample"/><exampleCanonical value="http://openhie.org/fhir/hiv-cbs/StructureDefinition/hiv-recency-test-done"/><groupingId value="-ex-example"/></resource><resource><extension url="http://hl7.org/fhir/StructureDefinition/implementationguide-page"><valueUri value="ValueSet-vs-vl-result-code.html"/></extension><reference><reference value="ValueSet/vs-vl-result-code"/></reference><name value="Viral Load Result Code"/><description value="A code used to indicate the category for the lab result."/><groupingId value="-term-valueset"/></resource><resource><extension url="http://hl7.org/fhir/StructureDefinition/implementationguide-page"><valueUri value="Practitioner-PractitionerExample.html"/></extension><reference><reference value="Practitioner/PractitionerExample"/></reference><name value="Example Practitioner - PractitionerExample"/><exampleCanonical value="http://openhie.org/fhir/hiv-cbs/StructureDefinition/hiv-practitioner"/><groupingId value="-ex-example"/></resource><resource><extension url="http://hl7.org/fhir/StructureDefinition/implementationguide-page"><valueUri value="StructureDefinition-hiv-recency-test-done.html"/></extension><reference><reference value="StructureDefinition/hiv-recency-test-done"/></reference><name value="HIV Recency Test"/><description value="This profile is to record the HIV recency testing data for a patient."/><groupingId value="-str-profile"/></resource><resource><extension url="http://hl7.org/fhir/StructureDefinition/implementationguide-page"><valueUri value="ValueSet-vs-arvtreatment-activity-type.html"/></extension><reference><reference value="ValueSet/vs-arvtreatment-activity-type"/></reference><name value="ARV Treatment Medication Request"/><description value="Codes used to represent a medication request for ART."/><groupingId value="-term-valueset"/></resource><resource><extension url="http://hl7.org/fhir/StructureDefinition/implementationguide-page"><valueUri value="ValueSet-vs-key-population-status.html"/></extension><reference><reference value="ValueSet/vs-key-population-status"/></reference><name value="Key Population Status"/><description value="A list of key population types"/><groupingId value="-term-valueset"/></resource><resource><extension url="http://hl7.org/fhir/StructureDefinition/implementationguide-page"><valueUri value="StructureDefinition-HIV-lab-order.html"/></extension><reference><reference value="StructureDefinition/HIV-lab-order"/></reference><name value="Lab Order"/><description value="A service request that initiates the need for the lab to collect the test sample"/><groupingId value="-str-profile"/></resource><resource><extension url="http://hl7.org/fhir/StructureDefinition/implementationguide-page"><valueUri value="StructureDefinition-hiv-recency-test-result.html"/></extension><reference><reference value="StructureDefinition/hiv-recency-test-result"/></reference><name value="HIV Recency Test Result"/><description value="This profile is to record the HIV recency test result data for a patient."/><groupingId value="-str-profile"/></resource><resource><extension url="http://hl7.org/fhir/StructureDefinition/implementationguide-page"><valueUri value="Encounter-TransferringFacilityEncounterExample.html"/></extension><reference><reference value="Encounter/TransferringFacilityEncounterExample"/></reference><name value="Example Encounter - TransferringFacilityEncounterExample"/><exampleCanonical value="http://openhie.org/fhir/hiv-cbs/StructureDefinition/transferring-facility-encounter"/><groupingId value="-ex-example"/></resource><page><extension url="http://hl7.org/fhir/tools/StructureDefinition/ig-page-name"><valueUrl value="toc.html"/></extension><nameUrl value="toc.html"/><title value="Table of Contents"/><generation value="html"/><page><extension url="http://hl7.org/fhir/tools/StructureDefinition/ig-page-name"><valueUrl value="index.html"/></extension><nameUrl value="index.html"/><title value="HIV Case Reporting"/><generation value="html"/></page><page><extension url="http://hl7.org/fhir/tools/StructureDefinition/ig-page-name"><valueUrl value="bussiness-description.html"/></extension><nameUrl value="bussiness-description.html"/><title value="Business Description"/><generation value="html"/><page><extension url="http://hl7.org/fhir/tools/StructureDefinition/ig-page-name"><valueUrl value="requirements.html"/></extension><nameUrl value="requirements.html"/><title value="Functional Requirements"/><generation value="html"/><page><extension url="http://hl7.org/fhir/tools/StructureDefinition/ig-page-name"><valueUrl value="use-cases.html"/></extension><nameUrl value="use-cases.html"/><title value="Use Cases"/><generation value="html"/></page></page><page><extension url="http://hl7.org/fhir/tools/StructureDefinition/ig-page-name"><valueUrl value="personas.html"/></extension><nameUrl value="personas.html"/><title value="Personas"/><generation value="html"/></page><page><extension url="http://hl7.org/fhir/tools/StructureDefinition/ig-page-name"><valueUrl value="workflows.html"/></extension><nameUrl value="workflows.html"/><title value="Usage Workflows"/><generation value="html"/></page></page><page><extension url="http://hl7.org/fhir/tools/StructureDefinition/ig-page-name"><valueUrl value="deployment.html"/></extension><nameUrl value="deployment.html"/><title value="Deployment &amp; Use"/><generation value="html"/><page><extension url="http://hl7.org/fhir/tools/StructureDefinition/ig-page-name"><valueUrl value="bundles.html"/></extension><nameUrl value="bundles.html"/><title value="Message Bundles"/><generation value="html"/><page><extension url="http://hl7.org/fhir/tools/StructureDefinition/ig-page-name"><valueUrl value="emr-bundle.html"/></extension><nameUrl value="emr-bundle.html"/><title value="EMR Bundle"/><generation value="html"/></page><page><extension url="http://hl7.org/fhir/tools/StructureDefinition/ig-page-name"><valueUrl value="lab-order-bundle.html"/></extension><nameUrl value="lab-order-bundle.html"/><title value="Lab Order Bundle"/><generation value="html"/></page><page><extension url="http://hl7.org/fhir/tools/StructureDefinition/ig-page-name"><valueUrl value="lab-result-bundle.html"/></extension><nameUrl value="lab-result-bundle.html"/><title value="Lab Result Bundle"/><generation value="html"/></page><page><extension url="http://hl7.org/fhir/tools/StructureDefinition/ig-page-name"><valueUrl value="lab-cancellation-bundle.html"/></extension><nameUrl value="lab-cancellation-bundle.html"/><title value="Lab Cancellation Bundle"/><generation value="html"/></page><page><extension url="http://hl7.org/fhir/tools/StructureDefinition/ig-page-name"><valueUrl value="lab-rejection-bundle.html"/></extension><nameUrl value="lab-rejection-bundle.html"/><title value="Lab Rejection Bundle"/><generation value="html"/></page></page><page><extension url="http://hl7.org/fhir/tools/StructureDefinition/ig-page-name"><valueUrl value="security-privacy.html"/></extension><nameUrl value="security-privacy.html"/><title value="Security &amp; Privacy"/><generation value="html"/></page><page><extension url="http://hl7.org/fhir/tools/StructureDefinition/ig-page-name"><valueUrl value="testing.html"/></extension><nameUrl value="testing.html"/><title value="Testing"/><generation value="html"/></page></page><page><extension url="http://hl7.org/fhir/tools/StructureDefinition/ig-page-name"><valueUrl value="referenced-sources.html"/></extension><nameUrl value="referenced-sources.html"/><title value="References"/><generation value="html"/></page><page><extension url="http://hl7.org/fhir/tools/StructureDefinition/ig-page-name"><valueUrl value="changes.html"/></extension><nameUrl value="changes.html"/><title value="IG Change History"/><generation value="html"/></page><page><extension url="http://hl7.org/fhir/tools/StructureDefinition/ig-page-name"><valueUrl value="artifacts.html"/></extension><nameUrl value="artifacts.html"/><title value="Artifacts Summary"/><generation value="html"/><page><extension url="http://hl7.org/fhir/tools/StructureDefinition/ig-page-name"><valueUrl value="StructureDefinition-hiv-arv-treatment.html"/></extension><nameUrl value="StructureDefinition-hiv-arv-treatment.html"/><title value="ARV Treatment"/><generation value="generated"/></page><page><extension url="http://hl7.org/fhir/tools/StructureDefinition/ig-page-name"><valueUrl value="StructureDefinition-hiv-organization.html"/></extension><nameUrl value="StructureDefinition-hiv-organization.html"/><title value="HIV Organization"/><generation value="generated"/></page><page><extension url="http://hl7.org/fhir/tools/StructureDefinition/ig-page-name"><valueUrl value="StructureDefinition-death.html"/></extension><nameUrl value="StructureDefinition-death.html"/><title value="Patient Death"/><generation value="generated"/></page><page><extension url="http://hl7.org/fhir/tools/StructureDefinition/ig-page-name"><valueUrl value="StructureDefinition-hiv-lab-task.html"/></extension><nameUrl value="StructureDefinition-hiv-lab-task.html"/><title value="Lab Task"/><generation value="generated"/></page><page><extension url="http://hl7.org/fhir/tools/StructureDefinition/ig-page-name"><valueUrl value="StructureDefinition-target-facility-encounter.html"/></extension><nameUrl value="StructureDefinition-target-facility-encounter.html"/><title value="Target Facility Encounter"/><generation value="generated"/></page><page><extension url="http://hl7.org/fhir/tools/StructureDefinition/ig-page-name"><valueUrl value="StructureDefinition-hiv-diagnostic-report.html"/></extension><nameUrl value="StructureDefinition-hiv-diagnostic-report.html"/><title value="Diagnostic Report"/><generation value="generated"/></page><page><extension url="http://hl7.org/fhir/tools/StructureDefinition/ig-page-name"><valueUrl value="StructureDefinition-date-hiv-test-done.html"/></extension><nameUrl value="StructureDefinition-date-hiv-test-done.html"/><title value="Date HIV Test Done"/><generation value="generated"/></page><page><extension url="http://hl7.org/fhir/tools/StructureDefinition/ig-page-name"><valueUrl value="StructureDefinition-hiv-patient.html"/></extension><nameUrl value="StructureDefinition-hiv-patient.html"/><title value="Patient"/><generation value="generated"/></page><page><extension url="http://hl7.org/fhir/tools/StructureDefinition/ig-page-name"><valueUrl value="StructureDefinition-transferring-facility-encounter.html"/></extension><nameUrl value="StructureDefinition-transferring-facility-encounter.html"/><title value="Transferring Facility Encounter"/><generation value="generated"/></page><page><extension url="http://hl7.org/fhir/tools/StructureDefinition/ig-page-name"><valueUrl value="StructureDefinition-hiv-service-request-location.html"/></extension><nameUrl value="StructureDefinition-hiv-service-request-location.html"/><title value="Lab Order Request Location"/><generation value="generated"/></page><page><extension url="http://hl7.org/fhir/tools/StructureDefinition/ig-page-name"><valueUrl value="StructureDefinition-hiv-episode-of-care.html"/></extension><nameUrl value="StructureDefinition-hiv-episode-of-care.html"/><title value="HIV Episode Of Care"/><generation value="generated"/></page><page><extension url="http://hl7.org/fhir/tools/StructureDefinition/ig-page-name"><valueUrl value="StructureDefinition-viral-load-specimen.html"/></extension><nameUrl value="StructureDefinition-viral-load-specimen.html"/><title value="Viral Load Specimen"/><generation value="generated"/></page><page><extension url="http://hl7.org/fhir/tools/StructureDefinition/ig-page-name"><valueUrl value="StructureDefinition-hiv-test-results.html"/></extension><nameUrl value="StructureDefinition-hiv-test-results.html"/><title value="Lab Results"/><generation value="generated"/></page><page><extension url="http://hl7.org/fhir/tools/StructureDefinition/ig-page-name"><valueUrl value="StructureDefinition-hiv-practitioner.html"/></extension><nameUrl value="StructureDefinition-hiv-practitioner.html"/><title value="Practitioner"/><generation value="generated"/></page><page><extension url="http://hl7.org/fhir/tools/StructureDefinition/ig-page-name"><valueUrl value="StructureDefinition-hiv-diagnosis.html"/></extension><nameUrl value="StructureDefinition-hiv-diagnosis.html"/><title value="Diagnosis"/><generation value="generated"/></page><page><extension url="http://hl7.org/fhir/tools/StructureDefinition/ig-page-name"><valueUrl value="StructureDefinition-hiv-recency-test-done.html"/></extension><nameUrl value="StructureDefinition-hiv-recency-test-done.html"/><title value="HIV Recency Test"/><generation value="generated"/></page><page><extension url="http://hl7.org/fhir/tools/StructureDefinition/ig-page-name"><valueUrl value="StructureDefinition-HIV-lab-order.html"/></extension><nameUrl value="StructureDefinition-HIV-lab-order.html"/><title value="Lab Order"/><generation value="generated"/></page><page><extension url="http://hl7.org/fhir/tools/StructureDefinition/ig-page-name"><valueUrl value="StructureDefinition-hiv-recency-test-result.html"/></extension><nameUrl value="StructureDefinition-hiv-recency-test-result.html"/><title value="HIV Recency Test Result"/><generation value="generated"/></page><page><extension url="http://hl7.org/fhir/tools/StructureDefinition/ig-page-name"><valueUrl value="StructureDefinition-art-regimen-line.html"/></extension><nameUrl value="StructureDefinition-art-regimen-line.html"/><title value="ART Regimen Line"/><generation value="generated"/></page><page><extension url="http://hl7.org/fhir/tools/StructureDefinition/ig-page-name"><valueUrl value="StructureDefinition-key-population-status.html"/></extension><nameUrl value="StructureDefinition-key-population-status.html"/><title value="Key HIV Population"/><generation value="generated"/></page><page><extension url="http://hl7.org/fhir/tools/StructureDefinition/ig-page-name"><valueUrl value="StructureDefinition-hiv-care-next-visit.html"/></extension><nameUrl value="StructureDefinition-hiv-care-next-visit.html"/><title value="Next Appointment Date"/><generation value="generated"/></page><page><extension url="http://hl7.org/fhir/tools/StructureDefinition/ig-page-name"><valueUrl value="ValueSet-vs-hiv-recency-test-result.html"/></extension><nameUrl value="ValueSet-vs-hiv-recency-test-result.html"/><title value="Recency HIV Test Result"/><generation value="generated"/></page><page><extension url="http://hl7.org/fhir/tools/StructureDefinition/ig-page-name"><valueUrl value="ValueSet-vs-hiv-test-done.html"/></extension><nameUrl value="ValueSet-vs-hiv-test-done.html"/><title value="HIV Test Done"/><generation value="generated"/></page><page><extension url="http://hl7.org/fhir/tools/StructureDefinition/ig-page-name"><valueUrl value="ValueSet-vs-hiv-recency-status.html"/></extension><nameUrl value="ValueSet-vs-hiv-recency-status.html"/><title value="HIV Recency Testing Status"/><generation value="generated"/></page><page><extension url="http://hl7.org/fhir/tools/StructureDefinition/ig-page-name"><valueUrl value="ValueSet-vs-patient-enrollment-type.html"/></extension><nameUrl value="ValueSet-vs-patient-enrollment-type.html"/><title value="Patient Type at Enrolment"/><generation value="generated"/></page><page><extension url="http://hl7.org/fhir/tools/StructureDefinition/ig-page-name"><valueUrl value="ValueSet-vs-vl-suppression.html"/></extension><nameUrl value="ValueSet-vs-vl-suppression.html"/><title value="Viral Load Suppressions Status"/><generation value="generated"/></page><page><extension url="http://hl7.org/fhir/tools/StructureDefinition/ig-page-name"><valueUrl value="ValueSet-vs-careplan-outcome.html"/></extension><nameUrl value="ValueSet-vs-careplan-outcome.html"/><title value="ARV treatment outcomes"/><generation value="generated"/></page><page><extension url="http://hl7.org/fhir/tools/StructureDefinition/ig-page-name"><valueUrl value="ValueSet-vs-reason-for-assessment-or-test-not-performed.html"/></extension><nameUrl value="ValueSet-vs-reason-for-assessment-or-test-not-performed.html"/><title value="Reason for Assessment or Test Not Performed"/><generation value="generated"/></page><page><extension url="http://hl7.org/fhir/tools/StructureDefinition/ig-page-name"><valueUrl value="ValueSet-vs-condition.html"/></extension><nameUrl value="ValueSet-vs-condition.html"/><title value="Conditions"/><generation value="generated"/></page><page><extension url="http://hl7.org/fhir/tools/StructureDefinition/ig-page-name"><valueUrl value="ValueSet-vs-yes-no.html"/></extension><nameUrl value="ValueSet-vs-yes-no.html"/><title value="Yes No Unknown"/><generation value="generated"/></page><page><extension url="http://hl7.org/fhir/tools/StructureDefinition/ig-page-name"><valueUrl value="ValueSet-vs-hiv-recency-test.html"/></extension><nameUrl value="ValueSet-vs-hiv-recency-test.html"/><title value="Recency HIV Test"/><generation value="generated"/></page><page><extension url="http://hl7.org/fhir/tools/StructureDefinition/ig-page-name"><valueUrl value="ValueSet-vs-hiv-death.html"/></extension><nameUrl value="ValueSet-vs-hiv-death.html"/><title value="Death"/><generation value="generated"/></page><page><extension url="http://hl7.org/fhir/tools/StructureDefinition/ig-page-name"><valueUrl value="ValueSet-vs-test-types.html"/></extension><nameUrl value="ValueSet-vs-test-types.html"/><title value="Test Types"/><generation value="generated"/></page><page><extension url="http://hl7.org/fhir/tools/StructureDefinition/ig-page-name"><valueUrl value="ValueSet-vs-artregimen-lines.html"/></extension><nameUrl value="ValueSet-vs-artregimen-lines.html"/><title value="ART Regimen Lines"/><generation value="generated"/></page><page><extension url="http://hl7.org/fhir/tools/StructureDefinition/ig-page-name"><valueUrl value="ValueSet-vs-specimen-type.html"/></extension><nameUrl value="ValueSet-vs-specimen-type.html"/><title value="Specimen Type Used In Viral Load testing"/><generation value="generated"/></page><page><extension url="http://hl7.org/fhir/tools/StructureDefinition/ig-page-name"><valueUrl value="ValueSet-vs-vl-result-code.html"/></extension><nameUrl value="ValueSet-vs-vl-result-code.html"/><title value="Viral Load Result Code"/><generation value="generated"/></page><page><extension url="http://hl7.org/fhir/tools/StructureDefinition/ig-page-name"><valueUrl value="ValueSet-vs-arvtreatment-activity-type.html"/></extension><nameUrl value="ValueSet-vs-arvtreatment-activity-type.html"/><title value="ARV Treatment Medication Request"/><generation value="generated"/></page><page><extension url="http://hl7.org/fhir/tools/StructureDefinition/ig-page-name"><valueUrl value="ValueSet-vs-key-population-status.html"/></extension><nameUrl value="ValueSet-vs-key-population-status.html"/><title value="Key Population Status"/><generation value="generated"/></page><page><extension url="http://hl7.org/fhir/tools/StructureDefinition/ig-page-name"><valueUrl value="CodeSystem-cs-key-population-status.html"/></extension><nameUrl value="CodeSystem-cs-key-population-status.html"/><title value="Key Population Status"/><generation value="generated"/></page><page><extension url="http://hl7.org/fhir/tools/StructureDefinition/ig-page-name"><valueUrl value="Location-HIVServiceRequestLocationExample.html"/></extension><nameUrl value="Location-HIVServiceRequestLocationExample.html"/><title value="Example Location - HIVServiceRequestLocationExample"/><generation value="generated"/></page><page><extension url="http://hl7.org/fhir/tools/StructureDefinition/ig-page-name"><valueUrl value="Bundle-LabCancellation.html"/></extension><nameUrl value="Bundle-LabCancellation.html"/><title value="Example Bundle - LabCancellation"/><generation value="generated"/></page><page><extension url="http://hl7.org/fhir/tools/StructureDefinition/ig-page-name"><valueUrl value="Observation-HIVRecencyTestResultExample.html"/></extension><nameUrl value="Observation-HIVRecencyTestResultExample.html"/><title value="Example Observation - HIVRecencyTestResultExample"/><generation value="generated"/></page><page><extension url="http://hl7.org/fhir/tools/StructureDefinition/ig-page-name"><valueUrl value="Task-HIVLabOrderCancellationTaskExample.html"/></extension><nameUrl value="Task-HIVLabOrderCancellationTaskExample.html"/><title value="Example Task - HIVLabOrderCancellationTaskExample"/><generation value="generated"/></page><page><extension url="http://hl7.org/fhir/tools/StructureDefinition/ig-page-name"><valueUrl value="Observation-DateHIVTestDoneExample.html"/></extension><nameUrl value="Observation-DateHIVTestDoneExample.html"/><title value="Example Observation - DateHIVTestDoneExample"/><generation value="generated"/></page><page><extension url="http://hl7.org/fhir/tools/StructureDefinition/ig-page-name"><valueUrl value="Patient-HIVPatientExample.html"/></extension><nameUrl value="Patient-HIVPatientExample.html"/><title value="Example Patient - HIVPatientExample"/><generation value="generated"/></page><page><extension url="http://hl7.org/fhir/tools/StructureDefinition/ig-page-name"><valueUrl value="Bundle-EMR.html"/></extension><nameUrl value="Bundle-EMR.html"/><title value="Example Bundle - EMR"/><generation value="generated"/></page><page><extension url="http://hl7.org/fhir/tools/StructureDefinition/ig-page-name"><valueUrl value="Bundle-LabOrder.html"/></extension><nameUrl value="Bundle-LabOrder.html"/><title value="Example Bundle - LabOrder"/><generation value="generated"/></page><page><extension url="http://hl7.org/fhir/tools/StructureDefinition/ig-page-name"><valueUrl value="Task-HIVLabResultTaskExample.html"/></extension><nameUrl value="Task-HIVLabResultTaskExample.html"/><title value="Example Task - HIVLabResultTaskExample"/><generation value="generated"/></page><page><extension url="http://hl7.org/fhir/tools/StructureDefinition/ig-page-name"><valueUrl value="Observation-HIVTestResultExample.html"/></extension><nameUrl value="Observation-HIVTestResultExample.html"/><title value="Example Observation - HIVTestResultExample"/><generation value="generated"/></page><page><extension url="http://hl7.org/fhir/tools/StructureDefinition/ig-page-name"><valueUrl value="Task-HIVLabOrderRejectionTaskExample.html"/></extension><nameUrl value="Task-HIVLabOrderRejectionTaskExample.html"/><title value="Example Task - HIVLabOrderRejectionTaskExample"/><generation value="generated"/></page><page><extension url="http://hl7.org/fhir/tools/StructureDefinition/ig-page-name"><valueUrl value="Specimen-VLSpecimenExample.html"/></extension><nameUrl value="Specimen-VLSpecimenExample.html"/><title value="Example Specimen - VLSpecimenExample"/><generation value="generated"/></page><page><extension url="http://hl7.org/fhir/tools/StructureDefinition/ig-page-name"><valueUrl value="DiagnosticReport-HIVLabResultsDiagnosticReportExample.html"/></extension><nameUrl value="DiagnosticReport-HIVLabResultsDiagnosticReportExample.html"/><title value="Example DiagnosticReport - HIVLabResultsDiagnosticReportExample"/><generation value="generated"/></page><page><extension url="http://hl7.org/fhir/tools/StructureDefinition/ig-page-name"><valueUrl value="Condition-HIVDiagnosisExample.html"/></extension><nameUrl value="Condition-HIVDiagnosisExample.html"/><title value="Example Condition - HIVDiagnosisExample"/><generation value="generated"/></page><page><extension url="http://hl7.org/fhir/tools/StructureDefinition/ig-page-name"><valueUrl value="Bundle-LabResult.html"/></extension><nameUrl value="Bundle-LabResult.html"/><title value="Example Bundle - LabResult"/><generation value="generated"/></page><page><extension url="http://hl7.org/fhir/tools/StructureDefinition/ig-page-name"><valueUrl value="Observation-DeathExample.html"/></extension><nameUrl value="Observation-DeathExample.html"/><title value="Example Observation - DeathExample"/><generation value="generated"/></page><page><extension url="http://hl7.org/fhir/tools/StructureDefinition/ig-page-name"><valueUrl value="CarePlan-ARVTreatmentRefusedExample.html"/></extension><nameUrl value="CarePlan-ARVTreatmentRefusedExample.html"/><title value="Example CarePlan - ARVTreatmentRefusedExample"/><generation value="generated"/></page><page><extension url="http://hl7.org/fhir/tools/StructureDefinition/ig-page-name"><valueUrl value="Bundle-LabRejection.html"/></extension><nameUrl value="Bundle-LabRejection.html"/><title value="Example Bundle - LabRejection"/><generation value="generated"/></page><page><extension url="http://hl7.org/fhir/tools/StructureDefinition/ig-page-name"><valueUrl value="Organization-HIVOrganizationExample.html"/></extension><nameUrl value="Organization-HIVOrganizationExample.html"/><title value="Example Organization - HIVOrganizationExample"/><generation value="generated"/></page><page><extension url="http://hl7.org/fhir/tools/StructureDefinition/ig-page-name"><valueUrl value="Task-HIVLabOrderTaskExample.html"/></extension><nameUrl value="Task-HIVLabOrderTaskExample.html"/><title value="Example Task - HIVLabOrderTaskExample"/><generation value="generated"/></page><page><extension url="http://hl7.org/fhir/tools/StructureDefinition/ig-page-name"><valueUrl value="Encounter-TargetFacilityEncounterExample.html"/></extension><nameUrl value="Encounter-TargetFacilityEncounterExample.html"/><title value="Example Encounter - TargetFacilityEncounterExample"/><generation value="generated"/></page><page><extension url="http://hl7.org/fhir/tools/StructureDefinition/ig-page-name"><valueUrl value="CarePlan-ARVTreatmentExample.html"/></extension><nameUrl value="CarePlan-ARVTreatmentExample.html"/><title value="Example CarePlan - ARVTreatmentExample"/><generation value="generated"/></page><page><extension url="http://hl7.org/fhir/tools/StructureDefinition/ig-page-name"><valueUrl value="EpisodeOfCare-HIVEpisodeOfCareExample.html"/></extension><nameUrl value="EpisodeOfCare-HIVEpisodeOfCareExample.html"/><title value="Example EpisodeOfCare - HIVEpisodeOfCareExample"/><generation value="generated"/></page><page><extension url="http://hl7.org/fhir/tools/StructureDefinition/ig-page-name"><valueUrl value="ServiceRequest-HIVServiceRequestExample.html"/></extension><nameUrl value="ServiceRequest-HIVServiceRequestExample.html"/><title value="Example ServiceRequest - HIVServiceRequestExample"/><generation value="generated"/></page><page><extension url="http://hl7.org/fhir/tools/StructureDefinition/ig-page-name"><valueUrl value="Observation-HIVRecencyTestDoneExample.html"/></extension><nameUrl value="Observation-HIVRecencyTestDoneExample.html"/><title value="Example Observation - HIVRecencyTestDoneExample"/><generation value="generated"/></page><page><extension url="http://hl7.org/fhir/tools/StructureDefinition/ig-page-name"><valueUrl value="Practitioner-PractitionerExample.html"/></extension><nameUrl value="Practitioner-PractitionerExample.html"/><title value="Example Practitioner - PractitionerExample"/><generation value="generated"/></page><page><extension url="http://hl7.org/fhir/tools/StructureDefinition/ig-page-name"><valueUrl value="Encounter-TransferringFacilityEncounterExample.html"/></extension><nameUrl value="Encounter-TransferringFacilityEncounterExample.html"/><title value="Example Encounter - TransferringFacilityEncounterExample"/><generation value="generated"/></page></page></page><parameter><code value="path-resource"/><value value="input\history"/></parameter><parameter><code value="path-resource"/><value value="input\scenarios"/></parameter><parameter><code value="path-resource"/><value value="input/capabilities"/></parameter><parameter><code value="path-resource"/><value value="input/examples"/></parameter><parameter><code value="path-resource"/><value value="input/extensions"/></parameter><parameter><code value="path-resource"/><value value="input/models"/></parameter><parameter><code value="path-resource"/><value value="input/operations"/></parameter><parameter><code value="path-resource"/><value value="input/profiles"/></parameter><parameter><code value="path-resource"/><value value="input/resources"/></parameter><parameter><code value="path-resource"/><value value="input/vocabulary"/></parameter><parameter><code value="path-resource"/><value value="input/testing"/></parameter><parameter><code value="path-resource"/><value value="input/history"/></parameter><parameter><code value="path-resource"/><value value="fsh-generated/resources"/></parameter><parameter><code value="path-pages"/><value value="template/config"/></parameter><parameter><code value="path-pages"/><value value="input/images"/></parameter><parameter><code value="path-tx-cache"/><value value="input-cache/txcache"/></parameter></definition></ImplementationGuide>